lv_feeder_unique_id,substation_id
SSEN-190900228502,SSEN-1909002285
SSEN-190900228503,SSEN-1909002285
SSEN-190900228504,SSEN-1909002285
SSEN-190900626001,SSEN-1909006260
SSEN-190900628002,SSEN-1909006280
SSEN-190900628003,SSEN-1909006280
SSEN-190900628004,SSEN-1909006280
SSEN-190900628005,SSEN-1909006280
SSEN-190900630002,SSEN-1909006300
SSEN-190900630003,SSEN-1909006300
SSEN-190900632001,SSEN-1909006320
SSEN-190900632002,SSEN-1909006320
SSEN-190900632003,SSEN-1909006320
SSEN-190900634001,SSEN-1909006340
SSEN-190900635002,SSEN-1909006350
SSEN-190900636001,SSEN-1909006360
SSEN-190900636002,SSEN-1909006360
SSEN-190900636004,SSEN-1909006360
SSEN-190900636005,SSEN-1909006360
SSEN-190900636006,SSEN-1909006360
SSEN-190900636008,SSEN-1909006360
SSEN-190900636009,SSEN-1909006360
SSEN-190900636010,SSEN-1909006360
SSEN-190900636011,SSEN-1909006360
SSEN-190900638001,SSEN-1909006380
SSEN-190900638002,SSEN-1909006380
SSEN-190900638003,SSEN-1909006380
SSEN-190900638004,SSEN-1909006380
SSEN-190900638005,SSEN-1909006380
SSEN-190900638006,SSEN-1909006380
SSEN-250100501201,SSEN-2501005012
SSEN-250100501203,SSEN-2501005012
SSEN-250100603501,SSEN-2501006035
SSEN-250100804201,SSEN-2501008042
SSEN-250100804202,SSEN-2501008042
SSEN-250100804204,SSEN-2501008042
SSEN-250100810201,SSEN-2501008102
SSEN-250100810202,SSEN-2501008102
SSEN-250100810203,SSEN-2501008102
SSEN-250101206001,SSEN-2501012060
SSEN-250101206002,SSEN-2501012060
SSEN-250101206003,SSEN-2501012060
SSEN-250101206004,SSEN-2501012060
SSEN-250101206005,SSEN-2501012060
SSEN-250101502201,SSEN-2501015022
SSEN-250101502202,SSEN-2501015022
SSEN-250101503202,SSEN-2501015032
SSEN-250101503204,SSEN-2501015032
SSEN-250101504202,SSEN-2501015042
SSEN-250101504203,SSEN-2501015042
SSEN-250101505201,SSEN-2501015052
SSEN-250101505202,SSEN-2501015052
SSEN-250101505203,SSEN-2501015052
SSEN-250101605503,SSEN-2501016055
SSEN-250101605504,SSEN-2501016055
SSEN-250101606501,SSEN-2501016065
SSEN-250101606503,SSEN-2501016065
SSEN-250101609501,SSEN-2501016095
SSEN-250101609502,SSEN-2501016095
SSEN-250101609503,SSEN-2501016095
SSEN-250101609505,SSEN-2501016095
SSEN-250101612502,SSEN-2501016125
SSEN-250101612503,SSEN-2501016125
SSEN-250101612504,SSEN-2501016125
SSEN-250101613501,SSEN-2501016135
SSEN-250101613502,SSEN-2501016135
SSEN-250101613503,SSEN-2501016135
SSEN-250101613504,SSEN-2501016135
SSEN-250101614504,SSEN-2501016145
SSEN-250101614505,SSEN-2501016145
SSEN-250101615501,SSEN-2501016155
SSEN-250101615502,SSEN-2501016155
SSEN-250101615503,SSEN-2501016155
SSEN-250101616501,SSEN-2501016165
SSEN-250101616502,SSEN-2501016165
SSEN-250101616504,SSEN-2501016165
SSEN-250101616505,SSEN-2501016165
SSEN-250101616506,SSEN-2501016165
SSEN-250101701503,SSEN-2501017015
SSEN-250101703501,SSEN-2501017035
SSEN-250101703502,SSEN-2501017035
SSEN-250101703504,SSEN-2501017035
SSEN-250101703505,SSEN-2501017035
SSEN-250101707501,SSEN-2501017075
SSEN-250101707503,SSEN-2501017075
SSEN-250101708501,SSEN-2501017085
SSEN-250101709501,SSEN-2501017095
SSEN-250101709502,SSEN-2501017095
SSEN-250101709503,SSEN-2501017095
SSEN-250101709504,SSEN-2501017095
SSEN-250101710502,SSEN-2501017105
SSEN-250101710503,SSEN-2501017105
SSEN-250101710505,SSEN-2501017105
SSEN-250101711501,SSEN-2501017115
SSEN-250101711502,SSEN-2501017115
SSEN-250101711504,SSEN-2501017115
SSEN-250101712503,SSEN-2501017125
SSEN-250101712504,SSEN-2501017125
SSEN-250460102001,SSEN-2504601020
SSEN-250460102003,SSEN-2504601020
SSEN-250460102004,SSEN-2504601020
SSEN-250460104001,SSEN-2504601040
SSEN-250460104002,SSEN-2504601040
SSEN-250460104003,SSEN-2504601040
SSEN-250460116001,SSEN-2504601160
SSEN-250460116002,SSEN-2504601160
SSEN-250460116003,SSEN-2504601160
SSEN-250460118001,SSEN-2504601180
SSEN-250460118003,SSEN-2504601180
SSEN-250460118004,SSEN-2504601180
SSEN-250460118005,SSEN-2504601180
SSEN-250460122001,SSEN-2504601220
SSEN-250460122003,SSEN-2504601220
SSEN-250460123001,SSEN-2504601230
SSEN-250460123003,SSEN-2504601230
SSEN-250460126001,SSEN-2504601260
SSEN-250460126003,SSEN-2504601260
SSEN-250460126004,SSEN-2504601260
SSEN-250460606001,SSEN-2504606060
SSEN-250460606004,SSEN-2504606060
SSEN-250460606005,SSEN-2504606060
SSEN-250460816001,SSEN-2504608160
SSEN-250460816002,SSEN-2504608160
SSEN-250460816003,SSEN-2504608160
SSEN-250460816004,SSEN-2504608160
SSEN-250800604001,SSEN-2508006040
SSEN-250800604003,SSEN-2508006040
SSEN-250800606001,SSEN-2508006060
SSEN-250800606002,SSEN-2508006060
SSEN-250800606003,SSEN-2508006060
SSEN-250802301001,SSEN-2508023010
SSEN-250802301002,SSEN-2508023010
SSEN-250802301003,SSEN-2508023010
SSEN-250802301004,SSEN-2508023010
SSEN-250802302001,SSEN-2508023020
SSEN-250802302002,SSEN-2508023020
SSEN-250802302003,SSEN-2508023020
SSEN-250802303001,SSEN-2508023030
SSEN-250802303002,SSEN-2508023030
SSEN-250802303003,SSEN-2508023030
SSEN-250802303005,SSEN-2508023030
SSEN-250802304001,SSEN-2508023040
SSEN-250802304002,SSEN-2508023040
SSEN-250802304003,SSEN-2508023040
SSEN-250802305001,SSEN-2508023050
SSEN-250802305003,SSEN-2508023050
SSEN-250802306002,SSEN-2508023060
SSEN-250802306003,SSEN-2508023060
SSEN-250802306004,SSEN-2508023060
SSEN-250802307001,SSEN-2508023070
SSEN-250802307002,SSEN-2508023070
SSEN-250802307003,SSEN-2508023070
SSEN-250802307004,SSEN-2508023070
SSEN-250802307005,SSEN-2508023070
SSEN-250802308001,SSEN-2508023080
SSEN-250802308002,SSEN-2508023080
SSEN-250802308003,SSEN-2508023080
SSEN-250802308004,SSEN-2508023080
SSEN-250802308501,SSEN-2508023085
SSEN-250802308502,SSEN-2508023085
SSEN-250802308503,SSEN-2508023085
SSEN-250802308504,SSEN-2508023085
SSEN-251100201001,SSEN-2511002010
SSEN-251100205301,SSEN-2511002053
SSEN-251100205302,SSEN-2511002053
SSEN-251100205501,SSEN-2511002055
SSEN-251100205502,SSEN-2511002055
SSEN-251100205504,SSEN-2511002055
SSEN-251100205505,SSEN-2511002055
SSEN-251100208005,SSEN-2511002080
SSEN-251100208006,SSEN-2511002080
SSEN-251100402001,SSEN-2511004020
SSEN-251100402002,SSEN-2511004020
SSEN-251100402004,SSEN-2511004020
SSEN-251100402005,SSEN-2511004020
SSEN-251100502001,SSEN-2511005020
SSEN-251100502002,SSEN-2511005020
SSEN-251100502004,SSEN-2511005020
SSEN-251100504003,SSEN-2511005040
SSEN-251100512001,SSEN-2511005120
SSEN-251100512003,SSEN-2511005120
SSEN-251100512004,SSEN-2511005120
SSEN-251100512005,SSEN-2511005120
SSEN-251100514001,SSEN-2511005140
SSEN-251100514002,SSEN-2511005140
SSEN-251100520001,SSEN-2511005200
SSEN-251100520002,SSEN-2511005200
SSEN-251100602001,SSEN-2511006020
SSEN-251100602002,SSEN-2511006020
SSEN-251100602004,SSEN-2511006020
SSEN-251100604002,SSEN-2511006040
SSEN-251100604003,SSEN-2511006040
SSEN-251100604004,SSEN-2511006040
SSEN-251100606002,SSEN-2511006060
SSEN-251100606003,SSEN-2511006060
SSEN-251100606005,SSEN-2511006060
SSEN-251100606007,SSEN-2511006060
SSEN-251100608001,SSEN-2511006080
SSEN-251100608002,SSEN-2511006080
SSEN-251100608003,SSEN-2511006080
SSEN-251100608004,SSEN-2511006080
SSEN-251100608005,SSEN-2511006080
SSEN-251100608501,SSEN-2511006085
SSEN-251100608502,SSEN-2511006085
SSEN-251100608503,SSEN-2511006085
SSEN-251100608504,SSEN-2511006085
SSEN-251100608505,SSEN-2511006085
SSEN-251100609001,SSEN-2511006090
SSEN-251100609005,SSEN-2511006090
SSEN-251100612002,SSEN-2511006120
SSEN-251100612004,SSEN-2511006120
SSEN-251100612005,SSEN-2511006120
SSEN-251100614001,SSEN-2511006140
SSEN-251100616005,SSEN-2511006160
SSEN-251100620004,SSEN-2511006200
SSEN-251100621002,SSEN-2511006210
SSEN-251100906002,SSEN-2511009060
SSEN-251100906004,SSEN-2511009060
SSEN-251100908001,SSEN-2511009080
SSEN-251100912001,SSEN-2511009120
SSEN-251100913004,SSEN-2511009130
SSEN-251100918001,SSEN-2511009180
SSEN-251100919001,SSEN-2511009190
SSEN-251100919002,SSEN-2511009190
SSEN-251100920003,SSEN-2511009200
SSEN-251100920004,SSEN-2511009200
SSEN-251101002003,SSEN-2511010020
SSEN-251101002004,SSEN-2511010020
SSEN-251101002005,SSEN-2511010020
SSEN-251101002006,SSEN-2511010020
SSEN-251101002007,SSEN-2511010020
SSEN-251101002009,SSEN-2511010020
SSEN-251101004001,SSEN-2511010040
SSEN-251101004002,SSEN-2511010040
SSEN-251101004003,SSEN-2511010040
SSEN-251101006001,SSEN-2511010060
SSEN-251101006002,SSEN-2511010060
SSEN-251101006003,SSEN-2511010060
SSEN-251101008002,SSEN-2511010080
SSEN-251101008003,SSEN-2511010080
SSEN-251101019001,SSEN-2511010190
SSEN-251101019002,SSEN-2511010190
SSEN-251101019003,SSEN-2511010190
SSEN-251101019005,SSEN-2511010190
SSEN-251101020003,SSEN-2511010200
SSEN-251101020004,SSEN-2511010200
SSEN-251101102002,SSEN-2511011020
SSEN-251101102003,SSEN-2511011020
SSEN-251101104001,SSEN-2511011040
SSEN-251101104002,SSEN-2511011040
SSEN-251101104004,SSEN-2511011040
SSEN-251101106002,SSEN-2511011060
SSEN-251101106003,SSEN-2511011060
SSEN-251101108001,SSEN-2511011080
SSEN-251101108003,SSEN-2511011080
SSEN-251101110001,SSEN-2511011100
SSEN-251101110003,SSEN-2511011100
SSEN-251101110501,SSEN-2511011105
SSEN-251101110503,SSEN-2511011105
SSEN-251101112001,SSEN-2511011120
SSEN-251101112002,SSEN-2511011120
SSEN-251101112003,SSEN-2511011120
SSEN-251101112004,SSEN-2511011120
SSEN-251101114001,SSEN-2511011140
SSEN-251101114002,SSEN-2511011140
SSEN-251101114003,SSEN-2511011140
SSEN-251101114004,SSEN-2511011140
SSEN-251101114005,SSEN-2511011140
SSEN-251101116001,SSEN-2511011160
SSEN-251101116002,SSEN-2511011160
SSEN-251101116003,SSEN-2511011160
SSEN-251101116004,SSEN-2511011160
SSEN-251101202001,SSEN-2511012020
SSEN-251101204001,SSEN-2511012040
SSEN-251101204002,SSEN-2511012040
SSEN-251101204003,SSEN-2511012040
SSEN-251101204004,SSEN-2511012040
SSEN-251101204005,SSEN-2511012040
SSEN-251101206001,SSEN-2511012060
SSEN-251101206002,SSEN-2511012060
SSEN-251101206003,SSEN-2511012060
SSEN-251101206004,SSEN-2511012060
SSEN-251101208002,SSEN-2511012080
SSEN-251101208003,SSEN-2511012080
SSEN-251101208004,SSEN-2511012080
SSEN-251101210002,SSEN-2511012100
SSEN-251101210003,SSEN-2511012100
SSEN-251101210004,SSEN-2511012100
SSEN-251200211502,SSEN-2512002115
SSEN-251200212001,SSEN-2512002120
SSEN-251200212701,SSEN-2512002127
SSEN-251200212702,SSEN-2512002127
SSEN-251200212703,SSEN-2512002127
SSEN-251200212704,SSEN-2512002127
SSEN-251200212705,SSEN-2512002127
SSEN-251200215003,SSEN-2512002150
SSEN-251200220001,SSEN-2512002200
SSEN-251200220002,SSEN-2512002200
SSEN-251200221001,SSEN-2512002210
SSEN-251200221002,SSEN-2512002210
SSEN-251200222002,SSEN-2512002220
SSEN-251200222003,SSEN-2512002220
SSEN-251200223001,SSEN-2512002230
SSEN-251200223003,SSEN-2512002230
SSEN-251200303001,SSEN-2512003030
SSEN-251200303002,SSEN-2512003030
SSEN-251200303003,SSEN-2512003030
SSEN-251200305002,SSEN-2512003050
SSEN-251200305005,SSEN-2512003050
SSEN-251200307001,SSEN-2512003070
SSEN-251200307002,SSEN-2512003070
SSEN-251200307003,SSEN-2512003070
SSEN-251200308001,SSEN-2512003080
SSEN-251200308006,SSEN-2512003080
SSEN-251200309001,SSEN-2512003090
SSEN-251200309003,SSEN-2512003090
SSEN-251200309004,SSEN-2512003090
SSEN-251200310001,SSEN-2512003100
SSEN-251200310002,SSEN-2512003100
SSEN-251200312001,SSEN-2512003120
SSEN-251200312002,SSEN-2512003120
SSEN-251200312003,SSEN-2512003120
SSEN-251200313001,SSEN-2512003130
SSEN-251200313002,SSEN-2512003130
SSEN-251200313003,SSEN-2512003130
SSEN-251200402001,SSEN-2512004020
SSEN-251200402002,SSEN-2512004020
SSEN-251200402004,SSEN-2512004020
SSEN-251200403002,SSEN-2512004030
SSEN-251200403003,SSEN-2512004030
SSEN-251200404001,SSEN-2512004040
SSEN-251200404002,SSEN-2512004040
SSEN-251200404003,SSEN-2512004040
SSEN-251200405002,SSEN-2512004050
SSEN-251200405005,SSEN-2512004050
SSEN-251200406004,SSEN-2512004060
SSEN-251200407005,SSEN-2512004070
SSEN-251200422003,SSEN-2512004220
SSEN-251200422005,SSEN-2512004220
SSEN-251200703502,SSEN-2512007035
SSEN-251200703503,SSEN-2512007035
SSEN-251200703504,SSEN-2512007035
SSEN-251200704501,SSEN-2512007045
SSEN-251200708501,SSEN-2512007085
SSEN-251200708503,SSEN-2512007085
SSEN-251200708506,SSEN-2512007085
SSEN-251200709502,SSEN-2512007095
SSEN-251200711503,SSEN-2512007115
SSEN-251200711504,SSEN-2512007115
SSEN-251200712501,SSEN-2512007125
SSEN-251200712505,SSEN-2512007125
SSEN-251200801003,SSEN-2512008010
SSEN-251200801004,SSEN-2512008010
SSEN-251200804002,SSEN-2512008040
SSEN-251200804003,SSEN-2512008040
SSEN-251200804004,SSEN-2512008040
SSEN-251200804005,SSEN-2512008040
SSEN-251200806001,SSEN-2512008060
SSEN-251200806002,SSEN-2512008060
SSEN-251200807001,SSEN-2512008070
SSEN-251200807002,SSEN-2512008070
SSEN-251200807003,SSEN-2512008070
SSEN-251200807004,SSEN-2512008070
SSEN-251200807005,SSEN-2512008070
SSEN-251200808002,SSEN-2512008080
SSEN-251200808003,SSEN-2512008080
SSEN-251200808004,SSEN-2512008080
SSEN-251200809001,SSEN-2512008090
SSEN-251200809002,SSEN-2512008090
SSEN-251200809003,SSEN-2512008090
SSEN-251200809004,SSEN-2512008090
SSEN-251200810001,SSEN-2512008100
SSEN-251200810002,SSEN-2512008100
SSEN-251200810003,SSEN-2512008100
SSEN-251200810004,SSEN-2512008100
SSEN-251200810006,SSEN-2512008100
SSEN-251200811001,SSEN-2512008110
SSEN-251200811003,SSEN-2512008110
SSEN-251200811004,SSEN-2512008110
SSEN-251200813002,SSEN-2512008130
SSEN-251200813003,SSEN-2512008130
SSEN-251200813004,SSEN-2512008130
SSEN-251200813005,SSEN-2512008130
SSEN-251201201001,SSEN-2512012010
SSEN-251201201005,SSEN-2512012010
SSEN-251201202003,SSEN-2512012020
SSEN-251201202004,SSEN-2512012020
SSEN-251201204003,SSEN-2512012040
SSEN-251201204004,SSEN-2512012040
SSEN-251201204006,SSEN-2512012040
SSEN-251201206501,SSEN-2512012065
SSEN-251201208005,SSEN-2512012080
SSEN-251201208006,SSEN-2512012080
SSEN-251201301003,SSEN-2512013010
SSEN-251201301004,SSEN-2512013010
SSEN-251201305001,SSEN-2512013050
SSEN-251201306001,SSEN-2512013060
SSEN-251201306002,SSEN-2512013060
SSEN-251201306003,SSEN-2512013060
SSEN-251201307001,SSEN-2512013070
SSEN-251201307003,SSEN-2512013070
SSEN-251201308001,SSEN-2512013080
SSEN-251201308002,SSEN-2512013080
SSEN-251201308003,SSEN-2512013080
SSEN-251201308004,SSEN-2512013080
SSEN-251201309001,SSEN-2512013090
SSEN-251201309002,SSEN-2512013090
SSEN-251201310002,SSEN-2512013100
SSEN-251201310004,SSEN-2512013100
SSEN-251201402002,SSEN-2512014020
SSEN-251201403001,SSEN-2512014030
SSEN-251201406001,SSEN-2512014060
SSEN-251201406002,SSEN-2512014060
SSEN-251201406003,SSEN-2512014060
SSEN-251201406005,SSEN-2512014060
SSEN-251201407002,SSEN-2512014070
SSEN-251201407005,SSEN-2512014070
SSEN-251201412001,SSEN-2512014120
SSEN-251201412002,SSEN-2512014120
SSEN-251201412003,SSEN-2512014120
SSEN-251201412004,SSEN-2512014120
SSEN-251201413001,SSEN-2512014130
SSEN-251201413003,SSEN-2512014130
SSEN-251201413004,SSEN-2512014130
SSEN-251201414001,SSEN-2512014140
SSEN-251201414004,SSEN-2512014140
SSEN-251201414005,SSEN-2512014140
SSEN-251201415001,SSEN-2512014150
SSEN-251201416001,SSEN-2512014160
SSEN-251201419002,SSEN-2512014190
SSEN-251201419004,SSEN-2512014190
SSEN-251201419006,SSEN-2512014190
SSEN-251201420002,SSEN-2512014200
SSEN-251201420003,SSEN-2512014200
SSEN-251201421001,SSEN-2512014210
SSEN-251201421003,SSEN-2512014210
SSEN-251201421004,SSEN-2512014210
SSEN-252100812002,SSEN-2521008120
SSEN-252100812003,SSEN-2521008120
SSEN-252100814002,SSEN-2521008140
SSEN-252100814003,SSEN-2521008140
SSEN-252100814004,SSEN-2521008140
SSEN-252100814005,SSEN-2521008140
SSEN-252102104001,SSEN-2521021040
SSEN-252102104002,SSEN-2521021040
SSEN-252102104003,SSEN-2521021040
SSEN-252600510001,SSEN-2526005100
SSEN-252600510002,SSEN-2526005100
SSEN-252600510003,SSEN-2526005100
SSEN-252600510004,SSEN-2526005100
SSEN-252600706001,SSEN-2526007060
SSEN-252600706002,SSEN-2526007060
SSEN-252600706003,SSEN-2526007060
SSEN-252600803001,SSEN-2526008030
SSEN-252600803002,SSEN-2526008030
SSEN-252600803003,SSEN-2526008030
SSEN-252600803004,SSEN-2526008030
SSEN-252600803005,SSEN-2526008030
SSEN-252600803006,SSEN-2526008030
SSEN-252600904001,SSEN-2526009040
SSEN-252600904002,SSEN-2526009040
SSEN-252600904005,SSEN-2526009040
SSEN-252600906003,SSEN-2526009060
SSEN-252600906004,SSEN-2526009060
SSEN-252600908002,SSEN-2526009080
SSEN-252600908003,SSEN-2526009080
SSEN-252600908004,SSEN-2526009080
SSEN-252600912001,SSEN-2526009120
SSEN-252600912003,SSEN-2526009120
SSEN-252600924005,SSEN-2526009240
SSEN-252601001002,SSEN-2526010010
SSEN-252601001003,SSEN-2526010010
SSEN-252601001004,SSEN-2526010010
SSEN-252601003001,SSEN-2526010030
SSEN-252601003002,SSEN-2526010030
SSEN-252601003003,SSEN-2526010030
SSEN-252601003004,SSEN-2526010030
SSEN-252601003005,SSEN-2526010030
SSEN-252601004002,SSEN-2526010040
SSEN-252601004003,SSEN-2526010040
SSEN-252601004004,SSEN-2526010040
SSEN-252601701001,SSEN-2526017010
SSEN-252601701002,SSEN-2526017010
SSEN-252601701003,SSEN-2526017010
SSEN-252601702001,SSEN-2526017020
SSEN-252601702002,SSEN-2526017020
SSEN-252800136001,SSEN-2528001360
SSEN-252800136002,SSEN-2528001360
SSEN-252800136003,SSEN-2528001360
SSEN-252800138001,SSEN-2528001380
SSEN-252800138003,SSEN-2528001380
SSEN-252800140001,SSEN-2528001400
SSEN-252800142002,SSEN-2528001420
SSEN-252800144001,SSEN-2528001440
SSEN-252800144002,SSEN-2528001440
SSEN-252800144005,SSEN-2528001440
SSEN-252801203001,SSEN-2528012030
SSEN-252801203002,SSEN-2528012030
SSEN-252801204001,SSEN-2528012040
SSEN-252801204002,SSEN-2528012040
SSEN-252801205001,SSEN-2528012050
SSEN-252801205002,SSEN-2528012050
SSEN-252801205003,SSEN-2528012050
SSEN-252801205004,SSEN-2528012050
SSEN-252801205005,SSEN-2528012050
SSEN-252801206001,SSEN-2528012060
SSEN-252801206004,SSEN-2528012060
SSEN-252801207001,SSEN-2528012070
SSEN-252801207002,SSEN-2528012070
SSEN-252801207003,SSEN-2528012070
SSEN-252801207004,SSEN-2528012070
SSEN-252801207005,SSEN-2528012070
SSEN-252900102001,SSEN-2529001020
SSEN-252900102002,SSEN-2529001020
SSEN-252900102003,SSEN-2529001020
SSEN-252900102004,SSEN-2529001020
SSEN-252900104002,SSEN-2529001040
SSEN-252900104003,SSEN-2529001040
SSEN-252900104004,SSEN-2529001040
SSEN-252900104005,SSEN-2529001040
SSEN-252900104007,SSEN-2529001040
SSEN-252900112002,SSEN-2529001120
SSEN-252900114001,SSEN-2529001140
SSEN-252900114002,SSEN-2529001140
SSEN-252900114003,SSEN-2529001140
SSEN-252900114004,SSEN-2529001140
SSEN-252900116002,SSEN-2529001160
SSEN-252900116004,SSEN-2529001160
SSEN-252900118001,SSEN-2529001180
SSEN-252900118002,SSEN-2529001180
SSEN-252900118003,SSEN-2529001180
SSEN-252900118004,SSEN-2529001180
SSEN-252900118006,SSEN-2529001180
SSEN-252900130001,SSEN-2529001300
SSEN-252900130002,SSEN-2529001300
SSEN-252900134001,SSEN-2529001340
SSEN-252900134002,SSEN-2529001340
SSEN-252900140002,SSEN-2529001400
SSEN-252900140003,SSEN-2529001400
SSEN-252900140004,SSEN-2529001400
SSEN-252900140005,SSEN-2529001400
SSEN-252900142001,SSEN-2529001420
SSEN-252900142003,SSEN-2529001420
SSEN-252900142004,SSEN-2529001420
SSEN-252900144003,SSEN-2529001440
SSEN-252900144006,SSEN-2529001440
SSEN-252900144007,SSEN-2529001440
SSEN-252900144009,SSEN-2529001440
SSEN-252900144011,SSEN-2529001440
SSEN-252900146002,SSEN-2529001460
SSEN-252900146004,SSEN-2529001460
SSEN-252900146005,SSEN-2529001460
SSEN-252900147005,SSEN-2529001470
SSEN-252900150001,SSEN-2529001500
SSEN-252900216004,SSEN-2529002160
SSEN-252900216005,SSEN-2529002160
SSEN-252900229001,SSEN-2529002290
SSEN-252900229003,SSEN-2529002290
SSEN-252900229004,SSEN-2529002290
SSEN-252900230001,SSEN-2529002300
SSEN-252900230003,SSEN-2529002300
SSEN-252900230004,SSEN-2529002300
SSEN-252900230005,SSEN-2529002300
SSEN-252900231001,SSEN-2529002310
SSEN-252900231002,SSEN-2529002310
SSEN-252900232002,SSEN-2529002320
SSEN-252900232003,SSEN-2529002320
SSEN-252900232004,SSEN-2529002320
SSEN-252900233001,SSEN-2529002330
SSEN-252900233002,SSEN-2529002330
SSEN-252900234001,SSEN-2529002340
SSEN-252900234002,SSEN-2529002340
SSEN-252900234003,SSEN-2529002340
SSEN-252900234004,SSEN-2529002340
SSEN-252900235001,SSEN-2529002350
SSEN-252900235002,SSEN-2529002350
SSEN-252900235003,SSEN-2529002350
SSEN-252900235004,SSEN-2529002350
SSEN-252900236001,SSEN-2529002360
SSEN-252900236002,SSEN-2529002360
SSEN-252900236003,SSEN-2529002360
SSEN-252900236004,SSEN-2529002360
SSEN-252900237001,SSEN-2529002370
SSEN-252900237002,SSEN-2529002370
SSEN-252900237003,SSEN-2529002370
SSEN-252900237004,SSEN-2529002370
SSEN-252900238001,SSEN-2529002380
SSEN-252900238003,SSEN-2529002380
SSEN-252900238004,SSEN-2529002380
SSEN-252900408001,SSEN-2529004080
SSEN-252900408002,SSEN-2529004080
SSEN-252900408003,SSEN-2529004080
SSEN-252900408004,SSEN-2529004080
SSEN-252900408006,SSEN-2529004080
SSEN-252900414001,SSEN-2529004140
SSEN-252900414002,SSEN-2529004140
SSEN-252900416001,SSEN-2529004160
SSEN-252900416002,SSEN-2529004160
SSEN-252900416003,SSEN-2529004160
SSEN-252900416004,SSEN-2529004160
SSEN-252900416005,SSEN-2529004160
SSEN-252900420001,SSEN-2529004200
SSEN-252900422001,SSEN-2529004220
SSEN-252900422002,SSEN-2529004220
SSEN-252900904001,SSEN-2529009040
SSEN-252900904003,SSEN-2529009040
SSEN-252900904006,SSEN-2529009040
SSEN-252900906001,SSEN-2529009060
SSEN-252900906002,SSEN-2529009060
SSEN-252900906003,SSEN-2529009060
SSEN-252900906004,SSEN-2529009060
SSEN-252900910002,SSEN-2529009100
SSEN-252900910006,SSEN-2529009100
SSEN-252900912002,SSEN-2529009120
SSEN-252900916001,SSEN-2529009160
SSEN-252900916002,SSEN-2529009160
SSEN-252900916003,SSEN-2529009160
SSEN-252900916004,SSEN-2529009160
SSEN-252900918001,SSEN-2529009180
SSEN-252900918002,SSEN-2529009180
SSEN-252900918003,SSEN-2529009180
SSEN-252900918004,SSEN-2529009180
SSEN-252900920003,SSEN-2529009200
SSEN-252900920004,SSEN-2529009200
SSEN-252900924001,SSEN-2529009240
SSEN-252900924003,SSEN-2529009240
SSEN-252900924004,SSEN-2529009240
SSEN-252900925001,SSEN-2529009250
SSEN-252900925005,SSEN-2529009250
SSEN-252900926001,SSEN-2529009260
SSEN-252900926003,SSEN-2529009260
SSEN-252900927001,SSEN-2529009270
SSEN-252900927002,SSEN-2529009270
SSEN-252900927003,SSEN-2529009270
SSEN-252900929001,SSEN-2529009290
SSEN-252900930001,SSEN-2529009300
SSEN-252900930002,SSEN-2529009300
SSEN-252900930003,SSEN-2529009300
SSEN-252900931001,SSEN-2529009310
SSEN-252900931002,SSEN-2529009310
SSEN-252900931003,SSEN-2529009310
SSEN-252900931004,SSEN-2529009310
SSEN-252900932003,SSEN-2529009320
SSEN-252900933001,SSEN-2529009330
SSEN-252900933002,SSEN-2529009330
SSEN-252900933003,SSEN-2529009330
SSEN-252900934001,SSEN-2529009340
SSEN-252901118001,SSEN-2529011180
SSEN-252901118002,SSEN-2529011180
SSEN-252901118003,SSEN-2529011180
SSEN-252901118004,SSEN-2529011180
SSEN-252901120001,SSEN-2529011200
SSEN-252901120002,SSEN-2529011200
SSEN-252901130001,SSEN-2529011300
SSEN-252901130002,SSEN-2529011300
SSEN-252901130007,SSEN-2529011300
SSEN-252901202001,SSEN-2529012020
SSEN-252901202002,SSEN-2529012020
SSEN-252901202003,SSEN-2529012020
SSEN-252901202004,SSEN-2529012020
SSEN-252901202005,SSEN-2529012020
SSEN-252901202006,SSEN-2529012020
SSEN-252901204001,SSEN-2529012040
SSEN-252901204002,SSEN-2529012040
SSEN-252901204003,SSEN-2529012040
SSEN-252901204004,SSEN-2529012040
SSEN-252901204005,SSEN-2529012040
SSEN-252901206001,SSEN-2529012060
SSEN-252901206002,SSEN-2529012060
SSEN-252901206003,SSEN-2529012060
SSEN-252901206004,SSEN-2529012060
SSEN-252901212001,SSEN-2529012120
SSEN-252901212002,SSEN-2529012120
SSEN-252901213001,SSEN-2529012130
SSEN-252901213002,SSEN-2529012130
SSEN-252901213003,SSEN-2529012130
SSEN-252901213004,SSEN-2529012130
SSEN-252901302001,SSEN-2529013020
SSEN-252901302002,SSEN-2529013020
SSEN-252901502001,SSEN-2529015020
SSEN-252901502004,SSEN-2529015020
SSEN-252901502005,SSEN-2529015020
SSEN-252901504001,SSEN-2529015040
SSEN-252901504002,SSEN-2529015040
SSEN-252901504003,SSEN-2529015040
SSEN-252901504005,SSEN-2529015040
SSEN-252901506002,SSEN-2529015060
SSEN-252901506004,SSEN-2529015060
SSEN-252901508001,SSEN-2529015080
SSEN-252901508002,SSEN-2529015080
SSEN-252901508003,SSEN-2529015080
SSEN-252901510001,SSEN-2529015100
SSEN-252901510002,SSEN-2529015100
SSEN-252901512001,SSEN-2529015120
SSEN-252901512002,SSEN-2529015120
SSEN-252901514001,SSEN-2529015140
SSEN-252901514002,SSEN-2529015140
SSEN-252901514003,SSEN-2529015140
SSEN-252901514004,SSEN-2529015140
SSEN-252901514005,SSEN-2529015140
SSEN-252901524001,SSEN-2529015240
SSEN-252901524002,SSEN-2529015240
SSEN-252901524003,SSEN-2529015240
SSEN-252901524004,SSEN-2529015240
SSEN-252901524005,SSEN-2529015240
SSEN-252901526001,SSEN-2529015260
SSEN-252901526002,SSEN-2529015260
SSEN-252901526003,SSEN-2529015260
SSEN-252901528001,SSEN-2529015280
SSEN-252901528003,SSEN-2529015280
SSEN-252901530001,SSEN-2529015300
SSEN-252901530003,SSEN-2529015300
SSEN-252901530004,SSEN-2529015300
SSEN-252901532001,SSEN-2529015320
SSEN-252901532002,SSEN-2529015320
SSEN-252901532003,SSEN-2529015320
SSEN-252901532004,SSEN-2529015320
SSEN-252901534001,SSEN-2529015340
SSEN-252901534002,SSEN-2529015340
SSEN-252901534003,SSEN-2529015340
SSEN-252901534004,SSEN-2529015340
SSEN-252901534005,SSEN-2529015340
SSEN-252901703001,SSEN-2529017030
SSEN-252901703002,SSEN-2529017030
SSEN-252901703003,SSEN-2529017030
SSEN-252901703004,SSEN-2529017030
SSEN-252901703005,SSEN-2529017030
SSEN-252901719002,SSEN-2529017190
SSEN-252901719005,SSEN-2529017190
SSEN-252901720001,SSEN-2529017200
SSEN-252901720002,SSEN-2529017200
SSEN-252901721004,SSEN-2529017210
SSEN-280300102001,SSEN-2803001020
SSEN-280300102003,SSEN-2803001020
SSEN-280300102004,SSEN-2803001020
SSEN-280300102005,SSEN-2803001020
SSEN-280300104001,SSEN-2803001040
SSEN-280300104002,SSEN-2803001040
SSEN-280300104003,SSEN-2803001040
SSEN-280300106002,SSEN-2803001060
SSEN-280300108001,SSEN-2803001080
SSEN-280300108002,SSEN-2803001080
SSEN-280300108003,SSEN-2803001080
SSEN-280300109001,SSEN-2803001090
SSEN-280300109002,SSEN-2803001090
SSEN-280300109003,SSEN-2803001090
SSEN-280300109004,SSEN-2803001090
SSEN-280300110001,SSEN-2803001100
SSEN-280300110002,SSEN-2803001100
SSEN-280300110003,SSEN-2803001100
SSEN-280300110004,SSEN-2803001100
SSEN-280300110005,SSEN-2803001100
SSEN-280300112002,SSEN-2803001120
SSEN-280300112003,SSEN-2803001120
SSEN-280300112004,SSEN-2803001120
SSEN-280300114001,SSEN-2803001140
SSEN-280300114002,SSEN-2803001140
SSEN-280300116001,SSEN-2803001160
SSEN-280300116002,SSEN-2803001160
SSEN-280300116003,SSEN-2803001160
SSEN-280300116004,SSEN-2803001160
SSEN-280300118002,SSEN-2803001180
SSEN-280300118003,SSEN-2803001180
SSEN-280300128001,SSEN-2803001280
SSEN-280300128002,SSEN-2803001280
SSEN-280300128003,SSEN-2803001280
SSEN-280300128005,SSEN-2803001280
SSEN-280300128006,SSEN-2803001280
SSEN-280300130001,SSEN-2803001300
SSEN-280300132001,SSEN-2803001320
SSEN-280300132002,SSEN-2803001320
SSEN-280300132004,SSEN-2803001320
SSEN-280300132005,SSEN-2803001320
SSEN-280300204001,SSEN-2803002040
SSEN-280300204003,SSEN-2803002040
SSEN-280300204004,SSEN-2803002040
SSEN-280300208001,SSEN-2803002080
SSEN-280300208002,SSEN-2803002080
SSEN-280300208003,SSEN-2803002080
SSEN-280300214001,SSEN-2803002140
SSEN-280300214002,SSEN-2803002140
SSEN-280300216002,SSEN-2803002160
SSEN-280300218001,SSEN-2803002180
SSEN-280300218002,SSEN-2803002180
SSEN-280300218004,SSEN-2803002180
SSEN-280300218005,SSEN-2803002180
SSEN-280300218006,SSEN-2803002180
SSEN-280300220002,SSEN-2803002200
SSEN-280300220003,SSEN-2803002200
SSEN-280300220004,SSEN-2803002200
SSEN-280300220005,SSEN-2803002200
SSEN-280300222001,SSEN-2803002220
SSEN-280300222002,SSEN-2803002220
SSEN-280300222003,SSEN-2803002220
SSEN-280300222004,SSEN-2803002220
SSEN-280300224001,SSEN-2803002240
SSEN-280300224002,SSEN-2803002240
SSEN-280300226001,SSEN-2803002260
SSEN-280300226002,SSEN-2803002260
SSEN-280300226003,SSEN-2803002260
SSEN-280300226004,SSEN-2803002260
SSEN-280300226005,SSEN-2803002260
SSEN-280300228001,SSEN-2803002280
SSEN-280300228002,SSEN-2803002280
SSEN-280300228003,SSEN-2803002280
SSEN-280300402001,SSEN-2803004020
SSEN-280300402003,SSEN-2803004020
SSEN-280300402004,SSEN-2803004020
SSEN-280300406001,SSEN-2803004060
SSEN-280300406002,SSEN-2803004060
SSEN-280300406003,SSEN-2803004060
SSEN-280300406004,SSEN-2803004060
SSEN-280300408001,SSEN-2803004080
SSEN-280300408002,SSEN-2803004080
SSEN-280300408004,SSEN-2803004080
SSEN-280300410001,SSEN-2803004100
SSEN-280300410002,SSEN-2803004100
SSEN-280300410003,SSEN-2803004100
SSEN-280300412001,SSEN-2803004120
SSEN-280300412002,SSEN-2803004120
SSEN-280300412003,SSEN-2803004120
SSEN-280300412004,SSEN-2803004120
SSEN-280300502007,SSEN-2803005020
SSEN-280300506002,SSEN-2803005060
SSEN-280300506004,SSEN-2803005060
SSEN-280300510001,SSEN-2803005100
SSEN-280300510002,SSEN-2803005100
SSEN-280300512001,SSEN-2803005120
SSEN-280300512002,SSEN-2803005120
SSEN-280300512004,SSEN-2803005120
SSEN-280300514001,SSEN-2803005140
SSEN-280300514002,SSEN-2803005140
SSEN-280300514003,SSEN-2803005140
SSEN-280300516001,SSEN-2803005160
SSEN-280300516002,SSEN-2803005160
SSEN-280300516003,SSEN-2803005160
SSEN-280300516004,SSEN-2803005160
SSEN-280300518001,SSEN-2803005180
SSEN-280300518002,SSEN-2803005180
SSEN-280300518003,SSEN-2803005180
SSEN-280300520001,SSEN-2803005200
SSEN-280300520002,SSEN-2803005200
SSEN-280300520004,SSEN-2803005200
SSEN-280300522001,SSEN-2803005220
SSEN-280300522002,SSEN-2803005220
SSEN-280300522003,SSEN-2803005220
SSEN-280300522006,SSEN-2803005220
SSEN-280300524002,SSEN-2803005240
SSEN-280300524003,SSEN-2803005240
SSEN-280300524005,SSEN-2803005240
SSEN-280300526001,SSEN-2803005260
SSEN-280300526002,SSEN-2803005260
SSEN-280300526003,SSEN-2803005260
SSEN-280300526004,SSEN-2803005260
SSEN-280300526005,SSEN-2803005260
SSEN-280300526006,SSEN-2803005260
SSEN-280300528004,SSEN-2803005280
SSEN-280300528005,SSEN-2803005280
SSEN-280300542001,SSEN-2803005420
SSEN-280300544001,SSEN-2803005440
SSEN-280300544002,SSEN-2803005440
SSEN-280300544003,SSEN-2803005440
SSEN-280300546001,SSEN-2803005460
SSEN-280300546003,SSEN-2803005460
SSEN-280300546004,SSEN-2803005460
SSEN-280300548001,SSEN-2803005480
SSEN-280300548002,SSEN-2803005480
SSEN-280300556001,SSEN-2803005560
SSEN-280300556003,SSEN-2803005560
SSEN-280300602001,SSEN-2803006020
SSEN-280300602003,SSEN-2803006020
SSEN-280300602004,SSEN-2803006020
SSEN-280300602503,SSEN-2803006025
SSEN-280300602504,SSEN-2803006025
SSEN-280300603002,SSEN-2803006030
SSEN-280300603003,SSEN-2803006030
SSEN-280300604001,SSEN-2803006040
SSEN-280300604003,SSEN-2803006040
SSEN-280300607004,SSEN-2803006070
SSEN-280300615001,SSEN-2803006150
SSEN-280300615003,SSEN-2803006150
SSEN-280300616001,SSEN-2803006160
SSEN-280300616002,SSEN-2803006160
SSEN-280300617001,SSEN-2803006170
SSEN-280300617003,SSEN-2803006170
SSEN-280300617004,SSEN-2803006170
SSEN-280300618001,SSEN-2803006180
SSEN-280300620001,SSEN-2803006200
SSEN-280300620002,SSEN-2803006200
SSEN-280300620004,SSEN-2803006200
SSEN-280300620005,SSEN-2803006200
SSEN-280300621002,SSEN-2803006210
SSEN-280300621004,SSEN-2803006210
SSEN-280300622002,SSEN-2803006220
SSEN-280300623001,SSEN-2803006230
SSEN-280300623002,SSEN-2803006230
SSEN-280300624001,SSEN-2803006240
SSEN-280300624002,SSEN-2803006240
SSEN-280300624003,SSEN-2803006240
SSEN-280300624005,SSEN-2803006240
SSEN-280300626001,SSEN-2803006260
SSEN-280300626002,SSEN-2803006260
SSEN-280300626003,SSEN-2803006260
SSEN-280300627001,SSEN-2803006270
SSEN-280300627002,SSEN-2803006270
SSEN-280300627003,SSEN-2803006270
SSEN-280300628001,SSEN-2803006280
SSEN-280300628003,SSEN-2803006280
SSEN-280300628005,SSEN-2803006280
SSEN-280300629001,SSEN-2803006290
SSEN-280300632003,SSEN-2803006320
SSEN-280300634001,SSEN-2803006340
SSEN-280300634002,SSEN-2803006340
SSEN-280300702001,SSEN-2803007020
SSEN-280300702002,SSEN-2803007020
SSEN-280300702004,SSEN-2803007020
SSEN-280300703501,SSEN-2803007035
SSEN-280300703502,SSEN-2803007035
SSEN-280300704002,SSEN-2803007040
SSEN-280300708001,SSEN-2803007080
SSEN-280300708003,SSEN-2803007080
SSEN-280300804001,SSEN-2803008040
SSEN-280300806001,SSEN-2803008060
SSEN-280300806002,SSEN-2803008060
SSEN-280300806003,SSEN-2803008060
SSEN-280300828001,SSEN-2803008280
SSEN-280300828003,SSEN-2803008280
SSEN-280300830001,SSEN-2803008300
SSEN-280300830002,SSEN-2803008300
SSEN-280300830003,SSEN-2803008300
SSEN-280300832002,SSEN-2803008320
SSEN-280300832003,SSEN-2803008320
SSEN-280300834002,SSEN-2803008340
SSEN-280300834003,SSEN-2803008340
SSEN-280300836001,SSEN-2803008360
SSEN-280300836002,SSEN-2803008360
SSEN-280300836004,SSEN-2803008360
SSEN-280300836005,SSEN-2803008360
SSEN-280300836006,SSEN-2803008360
SSEN-280300838002,SSEN-2803008380
SSEN-280300838003,SSEN-2803008380
SSEN-280300838004,SSEN-2803008380
SSEN-280300838005,SSEN-2803008380
SSEN-280300840001,SSEN-2803008400
SSEN-280300840002,SSEN-2803008400
SSEN-280300840004,SSEN-2803008400
SSEN-280300840005,SSEN-2803008400
SSEN-280300840006,SSEN-2803008400
SSEN-280300842001,SSEN-2803008420
SSEN-280300842003,SSEN-2803008420
SSEN-280301004001,SSEN-2803010040
SSEN-280301004002,SSEN-2803010040
SSEN-280301006001,SSEN-2803010060
SSEN-280301006003,SSEN-2803010060
SSEN-280301008001,SSEN-2803010080
SSEN-280301008002,SSEN-2803010080
SSEN-280301008003,SSEN-2803010080
SSEN-280301008004,SSEN-2803010080
SSEN-280301008005,SSEN-2803010080
SSEN-280301009001,SSEN-2803010090
SSEN-280301009002,SSEN-2803010090
SSEN-280301009003,SSEN-2803010090
SSEN-280301009004,SSEN-2803010090
SSEN-280301010001,SSEN-2803010100
SSEN-280301012001,SSEN-2803010120
SSEN-280301012002,SSEN-2803010120
SSEN-280301012003,SSEN-2803010120
SSEN-280301012004,SSEN-2803010120
SSEN-280301014001,SSEN-2803010140
SSEN-280301014003,SSEN-2803010140
SSEN-280301015001,SSEN-2803010150
SSEN-280301015003,SSEN-2803010150
SSEN-280301015004,SSEN-2803010150
SSEN-280301202001,SSEN-2803012020
SSEN-280301206005,SSEN-2803012060
SSEN-280301212001,SSEN-2803012120
SSEN-280301212002,SSEN-2803012120
SSEN-280301212003,SSEN-2803012120
SSEN-280301212004,SSEN-2803012120
SSEN-280301212005,SSEN-2803012120
SSEN-280301214001,SSEN-2803012140
SSEN-280301214002,SSEN-2803012140
SSEN-280301214003,SSEN-2803012140
SSEN-280301214004,SSEN-2803012140
SSEN-280301214005,SSEN-2803012140
SSEN-280301214006,SSEN-2803012140
SSEN-280301216001,SSEN-2803012160
SSEN-280301216002,SSEN-2803012160
SSEN-280301216003,SSEN-2803012160
SSEN-280301218001,SSEN-2803012180
SSEN-280301218002,SSEN-2803012180
SSEN-280301218003,SSEN-2803012180
SSEN-280301220001,SSEN-2803012200
SSEN-280301220002,SSEN-2803012200
SSEN-280301220003,SSEN-2803012200
SSEN-280301238001,SSEN-2803012380
SSEN-280301238002,SSEN-2803012380
SSEN-280301238003,SSEN-2803012380
SSEN-280301240001,SSEN-2803012400
SSEN-280301242001,SSEN-2803012420
SSEN-280301242002,SSEN-2803012420
SSEN-280301244001,SSEN-2803012440
SSEN-280301244002,SSEN-2803012440
SSEN-280301244003,SSEN-2803012440
SSEN-280301244004,SSEN-2803012440
SSEN-280301244005,SSEN-2803012440
SSEN-280301602002,SSEN-2803016020
SSEN-280301602003,SSEN-2803016020
SSEN-280301602004,SSEN-2803016020
SSEN-280301602005,SSEN-2803016020
SSEN-280301604001,SSEN-2803016040
SSEN-280301604003,SSEN-2803016040
SSEN-280301604004,SSEN-2803016040
SSEN-280301604301,SSEN-2803016043
SSEN-280301604302,SSEN-2803016043
SSEN-280301604303,SSEN-2803016043
SSEN-280301604304,SSEN-2803016043
SSEN-280301604305,SSEN-2803016043
SSEN-280301604601,SSEN-2803016046
SSEN-280301604602,SSEN-2803016046
SSEN-280301604603,SSEN-2803016046
SSEN-280301604605,SSEN-2803016046
SSEN-280301604606,SSEN-2803016046
SSEN-280301604607,SSEN-2803016046
SSEN-280301604901,SSEN-2803016049
SSEN-280301604902,SSEN-2803016049
SSEN-280301604903,SSEN-2803016049
SSEN-280301606002,SSEN-2803016060
SSEN-280301606003,SSEN-2803016060
SSEN-280301608001,SSEN-2803016080
SSEN-280301608002,SSEN-2803016080
SSEN-280301610001,SSEN-2803016100
SSEN-280301612001,SSEN-2803016120
SSEN-280301614001,SSEN-2803016140
SSEN-280301614004,SSEN-2803016140
SSEN-280301614005,SSEN-2803016140
SSEN-280301614006,SSEN-2803016140
SSEN-280301810001,SSEN-2803018100
SSEN-280301810002,SSEN-2803018100
SSEN-280301810004,SSEN-2803018100
SSEN-280301812001,SSEN-2803018120
SSEN-280301812002,SSEN-2803018120
SSEN-280301812003,SSEN-2803018120
SSEN-280301812004,SSEN-2803018120
SSEN-280301814001,SSEN-2803018140
SSEN-280301814002,SSEN-2803018140
SSEN-280301814003,SSEN-2803018140
SSEN-280302002001,SSEN-2803020020
SSEN-280302002005,SSEN-2803020020
SSEN-280302006002,SSEN-2803020060
SSEN-280302006004,SSEN-2803020060
SSEN-280302008001,SSEN-2803020080
SSEN-280302202002,SSEN-2803022020
SSEN-280302202003,SSEN-2803022020
SSEN-280302204001,SSEN-2803022040
SSEN-280302204002,SSEN-2803022040
SSEN-280302204003,SSEN-2803022040
SSEN-280302204004,SSEN-2803022040
SSEN-280302204005,SSEN-2803022040
SSEN-280302208001,SSEN-2803022080
SSEN-280302208002,SSEN-2803022080
SSEN-280302208003,SSEN-2803022080
SSEN-280302208004,SSEN-2803022080
SSEN-280302212001,SSEN-2803022120
SSEN-280302212002,SSEN-2803022120
SSEN-280302212003,SSEN-2803022120
SSEN-280302212005,SSEN-2803022120
SSEN-280302212006,SSEN-2803022120
SSEN-280302213001,SSEN-2803022130
SSEN-280302213002,SSEN-2803022130
SSEN-280302213003,SSEN-2803022130
SSEN-280302214001,SSEN-2803022140
SSEN-280302214002,SSEN-2803022140
SSEN-280302214003,SSEN-2803022140
SSEN-280302214004,SSEN-2803022140
SSEN-280302216001,SSEN-2803022160
SSEN-280302216002,SSEN-2803022160
SSEN-280302217001,SSEN-2803022170
SSEN-280302217002,SSEN-2803022170
SSEN-280302217003,SSEN-2803022170
SSEN-280302217004,SSEN-2803022170
SSEN-280302218002,SSEN-2803022180
SSEN-280302218003,SSEN-2803022180
SSEN-280460104001,SSEN-2804601040
SSEN-280460104002,SSEN-2804601040
SSEN-280460104004,SSEN-2804601040
SSEN-280460106001,SSEN-2804601060
SSEN-280460106002,SSEN-2804601060
SSEN-280460304002,SSEN-2804603040
SSEN-280460304004,SSEN-2804603040
SSEN-280460402003,SSEN-2804604020
SSEN-280460402005,SSEN-2804604020
SSEN-280460402006,SSEN-2804604020
SSEN-280460404001,SSEN-2804604040
SSEN-280460404003,SSEN-2804604040
SSEN-280460404005,SSEN-2804604040
SSEN-280460406001,SSEN-2804604060
SSEN-280460406002,SSEN-2804604060
SSEN-280460406003,SSEN-2804604060
SSEN-280460408002,SSEN-2804604080
SSEN-280460408003,SSEN-2804604080
SSEN-280460408004,SSEN-2804604080
SSEN-280460408005,SSEN-2804604080
SSEN-280460410001,SSEN-2804604100
SSEN-280460410003,SSEN-2804604100
SSEN-280460410004,SSEN-2804604100
SSEN-280460410008,SSEN-2804604100
SSEN-280460416001,SSEN-2804604160
SSEN-280460416005,SSEN-2804604160
SSEN-280460502001,SSEN-2804605020
SSEN-280460502002,SSEN-2804605020
SSEN-280460502003,SSEN-2804605020
SSEN-280460502004,SSEN-2804605020
SSEN-280500114001,SSEN-2805001140
SSEN-280500116002,SSEN-2805001160
SSEN-280500414001,SSEN-2805004140
SSEN-280500414002,SSEN-2805004140
SSEN-280500416002,SSEN-2805004160
SSEN-280500416003,SSEN-2805004160
SSEN-280500420002,SSEN-2805004200
SSEN-280500420003,SSEN-2805004200
SSEN-280500420004,SSEN-2805004200
SSEN-280500504003,SSEN-2805005040
SSEN-280500504004,SSEN-2805005040
SSEN-280500504005,SSEN-2805005040
SSEN-280500506001,SSEN-2805005060
SSEN-280500506002,SSEN-2805005060
SSEN-280500506003,SSEN-2805005060
SSEN-280500508002,SSEN-2805005080
SSEN-280500508004,SSEN-2805005080
SSEN-280500510001,SSEN-2805005100
SSEN-280500510004,SSEN-2805005100
SSEN-280500512003,SSEN-2805005120
SSEN-280500512004,SSEN-2805005120
SSEN-280500514001,SSEN-2805005140
SSEN-280500514002,SSEN-2805005140
SSEN-280500514003,SSEN-2805005140
SSEN-280500516002,SSEN-2805005160
SSEN-280500604001,SSEN-2805006040
SSEN-280500604002,SSEN-2805006040
SSEN-280500605002,SSEN-2805006050
SSEN-280500605003,SSEN-2805006050
SSEN-280500605004,SSEN-2805006050
SSEN-280500605005,SSEN-2805006050
SSEN-280500605006,SSEN-2805006050
SSEN-280500605007,SSEN-2805006050
SSEN-280500606001,SSEN-2805006060
SSEN-280500606002,SSEN-2805006060
SSEN-280500606004,SSEN-2805006060
SSEN-280500607001,SSEN-2805006070
SSEN-280500607002,SSEN-2805006070
SSEN-280500607003,SSEN-2805006070
SSEN-280500608001,SSEN-2805006080
SSEN-280500608002,SSEN-2805006080
SSEN-280500608003,SSEN-2805006080
SSEN-280500608004,SSEN-2805006080
SSEN-280500608005,SSEN-2805006080
SSEN-280500609002,SSEN-2805006090
SSEN-280500610001,SSEN-2805006100
SSEN-280500610002,SSEN-2805006100
SSEN-280700102002,SSEN-2807001020
SSEN-280700102003,SSEN-2807001020
SSEN-280700102004,SSEN-2807001020
SSEN-280700104001,SSEN-2807001040
SSEN-280700104002,SSEN-2807001040
SSEN-280700104003,SSEN-2807001040
SSEN-280700104005,SSEN-2807001040
SSEN-280700108001,SSEN-2807001080
SSEN-280700108002,SSEN-2807001080
SSEN-280700108003,SSEN-2807001080
SSEN-280700110001,SSEN-2807001100
SSEN-280700110002,SSEN-2807001100
SSEN-280700110003,SSEN-2807001100
SSEN-280700202002,SSEN-2807002020
SSEN-280700202004,SSEN-2807002020
SSEN-280700204001,SSEN-2807002040
SSEN-280700204002,SSEN-2807002040
SSEN-280700204003,SSEN-2807002040
SSEN-280700204004,SSEN-2807002040
SSEN-280700206001,SSEN-2807002060
SSEN-280700206002,SSEN-2807002060
SSEN-280700206003,SSEN-2807002060
SSEN-280700206004,SSEN-2807002060
SSEN-280700208001,SSEN-2807002080
SSEN-280700208002,SSEN-2807002080
SSEN-280700208004,SSEN-2807002080
SSEN-280700210001,SSEN-2807002100
SSEN-280700210002,SSEN-2807002100
SSEN-280700210004,SSEN-2807002100
SSEN-280700212001,SSEN-2807002120
SSEN-280700212002,SSEN-2807002120
SSEN-280700212003,SSEN-2807002120
SSEN-280700212004,SSEN-2807002120
SSEN-280700212005,SSEN-2807002120
SSEN-280700214001,SSEN-2807002140
SSEN-280700214002,SSEN-2807002140
SSEN-280700214003,SSEN-2807002140
SSEN-280700215001,SSEN-2807002150
SSEN-280700215002,SSEN-2807002150
SSEN-280700215003,SSEN-2807002150
SSEN-280700216002,SSEN-2807002160
SSEN-280700217001,SSEN-2807002170
SSEN-280700217002,SSEN-2807002170
SSEN-280700217003,SSEN-2807002170
SSEN-280700217004,SSEN-2807002170
SSEN-280700218001,SSEN-2807002180
SSEN-280700218002,SSEN-2807002180
SSEN-280700218003,SSEN-2807002180
SSEN-280700301001,SSEN-2807003010
SSEN-280700302001,SSEN-2807003020
SSEN-280700302002,SSEN-2807003020
SSEN-280700302003,SSEN-2807003020
SSEN-280700304001,SSEN-2807003040
SSEN-280700304002,SSEN-2807003040
SSEN-280700304003,SSEN-2807003040
SSEN-280700306002,SSEN-2807003060
SSEN-280700306003,SSEN-2807003060
SSEN-280700306004,SSEN-2807003060
SSEN-280700308002,SSEN-2807003080
SSEN-280700308003,SSEN-2807003080
SSEN-280700310001,SSEN-2807003100
SSEN-280700310002,SSEN-2807003100
SSEN-280700312001,SSEN-2807003120
SSEN-280700312002,SSEN-2807003120
SSEN-280700312004,SSEN-2807003120
SSEN-280700326001,SSEN-2807003260
SSEN-280700326002,SSEN-2807003260
SSEN-280700328001,SSEN-2807003280
SSEN-280700328002,SSEN-2807003280
SSEN-280700328003,SSEN-2807003280
SSEN-280700328004,SSEN-2807003280
SSEN-280700330001,SSEN-2807003300
SSEN-280700330002,SSEN-2807003300
SSEN-280700339001,SSEN-2807003390
SSEN-280700342003,SSEN-2807003420
SSEN-280700342004,SSEN-2807003420
SSEN-280700343001,SSEN-2807003430
SSEN-280700343002,SSEN-2807003430
SSEN-280700344001,SSEN-2807003440
SSEN-280700344002,SSEN-2807003440
SSEN-280700345002,SSEN-2807003450
SSEN-280700345003,SSEN-2807003450
SSEN-280700346002,SSEN-2807003460
SSEN-280700346003,SSEN-2807003460
SSEN-280700346004,SSEN-2807003460
SSEN-280700402001,SSEN-2807004020
SSEN-280700402002,SSEN-2807004020
SSEN-280700402004,SSEN-2807004020
SSEN-280700404003,SSEN-2807004040
SSEN-280700406001,SSEN-2807004060
SSEN-280700406003,SSEN-2807004060
SSEN-280700406004,SSEN-2807004060
SSEN-280700408001,SSEN-2807004080
SSEN-280700408004,SSEN-2807004080
SSEN-280700408005,SSEN-2807004080
SSEN-280700408006,SSEN-2807004080
SSEN-280700408007,SSEN-2807004080
SSEN-280700408009,SSEN-2807004080
SSEN-280700410001,SSEN-2807004100
SSEN-280700410002,SSEN-2807004100
SSEN-280700410004,SSEN-2807004100
SSEN-280700412001,SSEN-2807004120
SSEN-280700412002,SSEN-2807004120
SSEN-280700412005,SSEN-2807004120
SSEN-280700412006,SSEN-2807004120
SSEN-280700502001,SSEN-2807005020
SSEN-280700502002,SSEN-2807005020
SSEN-280700502003,SSEN-2807005020
SSEN-280700504001,SSEN-2807005040
SSEN-280700504002,SSEN-2807005040
SSEN-280700504003,SSEN-2807005040
SSEN-280700506001,SSEN-2807005060
SSEN-280700506002,SSEN-2807005060
SSEN-280700506006,SSEN-2807005060
SSEN-280700508001,SSEN-2807005080
SSEN-280700508002,SSEN-2807005080
SSEN-280700508003,SSEN-2807005080
SSEN-280700510001,SSEN-2807005100
SSEN-280700510003,SSEN-2807005100
SSEN-280700512001,SSEN-2807005120
SSEN-280700512003,SSEN-2807005120
SSEN-280700514002,SSEN-2807005140
SSEN-280700514003,SSEN-2807005140
SSEN-280700518001,SSEN-2807005180
SSEN-280700518002,SSEN-2807005180
SSEN-280700518003,SSEN-2807005180
SSEN-280700518004,SSEN-2807005180
SSEN-280700519001,SSEN-2807005190
SSEN-280700519002,SSEN-2807005190
SSEN-280700520001,SSEN-2807005200
SSEN-280700520002,SSEN-2807005200
SSEN-280700520003,SSEN-2807005200
SSEN-280700520005,SSEN-2807005200
SSEN-280700603002,SSEN-2807006030
SSEN-280700603007,SSEN-2807006030
SSEN-280700603008,SSEN-2807006030
SSEN-280700604001,SSEN-2807006040
SSEN-280700604002,SSEN-2807006040
SSEN-280700604003,SSEN-2807006040
SSEN-280700604004,SSEN-2807006040
SSEN-280700606001,SSEN-2807006060
SSEN-280700606002,SSEN-2807006060
SSEN-280700606003,SSEN-2807006060
SSEN-280700606004,SSEN-2807006060
SSEN-280700606005,SSEN-2807006060
SSEN-280700608001,SSEN-2807006080
SSEN-280700608002,SSEN-2807006080
SSEN-280700608003,SSEN-2807006080
SSEN-280700610001,SSEN-2807006100
SSEN-280700610002,SSEN-2807006100
SSEN-280700610003,SSEN-2807006100
SSEN-280700610004,SSEN-2807006100
SSEN-280700610007,SSEN-2807006100
SSEN-280700612001,SSEN-2807006120
SSEN-280700612002,SSEN-2807006120
SSEN-280700612003,SSEN-2807006120
SSEN-280700612004,SSEN-2807006120
SSEN-280700614001,SSEN-2807006140
SSEN-280700614002,SSEN-2807006140
SSEN-280700614003,SSEN-2807006140
SSEN-280700614004,SSEN-2807006140
SSEN-280700614005,SSEN-2807006140
SSEN-280800102002,SSEN-2808001020
SSEN-280800104002,SSEN-2808001040
SSEN-280800104003,SSEN-2808001040
SSEN-280800104004,SSEN-2808001040
SSEN-280800104005,SSEN-2808001040
SSEN-280800105001,SSEN-2808001050
SSEN-280800105002,SSEN-2808001050
SSEN-280800105003,SSEN-2808001050
SSEN-280800105004,SSEN-2808001050
SSEN-280800105005,SSEN-2808001050
SSEN-280800106001,SSEN-2808001060
SSEN-280800106002,SSEN-2808001060
SSEN-280800107001,SSEN-2808001070
SSEN-280800107004,SSEN-2808001070
SSEN-280800108002,SSEN-2808001080
SSEN-280800108003,SSEN-2808001080
SSEN-280800111002,SSEN-2808001110
SSEN-280800111004,SSEN-2808001110
SSEN-280800114001,SSEN-2808001140
SSEN-280800115502,SSEN-2808001155
SSEN-280800115503,SSEN-2808001155
SSEN-280800116001,SSEN-2808001160
SSEN-280800127501,SSEN-2808001275
SSEN-280800127502,SSEN-2808001275
SSEN-280800127503,SSEN-2808001275
SSEN-280800127504,SSEN-2808001275
SSEN-280800128501,SSEN-2808001285
SSEN-280800128502,SSEN-2808001285
SSEN-280800129501,SSEN-2808001295
SSEN-280800129502,SSEN-2808001295
SSEN-280800129504,SSEN-2808001295
SSEN-280800130501,SSEN-2808001305
SSEN-280800130502,SSEN-2808001305
SSEN-280800130503,SSEN-2808001305
SSEN-280800202002,SSEN-2808002020
SSEN-280800208001,SSEN-2808002080
SSEN-280800208002,SSEN-2808002080
SSEN-280800208003,SSEN-2808002080
SSEN-280800217001,SSEN-2808002170
SSEN-280800217002,SSEN-2808002170
SSEN-280800217003,SSEN-2808002170
SSEN-280800217004,SSEN-2808002170
SSEN-280800217006,SSEN-2808002170
SSEN-280800226001,SSEN-2808002260
SSEN-280800226003,SSEN-2808002260
SSEN-280800227001,SSEN-2808002270
SSEN-280800227002,SSEN-2808002270
SSEN-280800227004,SSEN-2808002270
SSEN-280800227005,SSEN-2808002270
SSEN-280800316004,SSEN-2808003160
SSEN-280800604001,SSEN-2808006040
SSEN-280800604002,SSEN-2808006040
SSEN-280800702003,SSEN-2808007020
SSEN-280800703002,SSEN-2808007030
SSEN-280800703003,SSEN-2808007030
SSEN-280800709002,SSEN-2808007090
SSEN-280800710001,SSEN-2808007100
SSEN-280800710003,SSEN-2808007100
SSEN-280800711001,SSEN-2808007110
SSEN-280800711002,SSEN-2808007110
SSEN-280800711005,SSEN-2808007110
SSEN-280800712001,SSEN-2808007120
SSEN-280800712002,SSEN-2808007120
SSEN-280800712004,SSEN-2808007120
SSEN-280800712005,SSEN-2808007120
SSEN-280800712006,SSEN-2808007120
SSEN-280800713001,SSEN-2808007130
SSEN-280800713002,SSEN-2808007130
SSEN-280800713003,SSEN-2808007130
SSEN-280800713004,SSEN-2808007130
SSEN-280800713005,SSEN-2808007130
SSEN-280800714001,SSEN-2808007140
SSEN-280800714002,SSEN-2808007140
SSEN-280800714003,SSEN-2808007140
SSEN-280800715002,SSEN-2808007150
SSEN-280800715004,SSEN-2808007150
SSEN-280800716001,SSEN-2808007160
SSEN-280800716002,SSEN-2808007160
SSEN-280800716004,SSEN-2808007160
SSEN-280800717001,SSEN-2808007170
SSEN-280800717002,SSEN-2808007170
SSEN-280800717003,SSEN-2808007170
SSEN-280800718002,SSEN-2808007180
SSEN-280800718003,SSEN-2808007180
SSEN-280800811002,SSEN-2808008110
SSEN-280960104001,SSEN-2809601040
SSEN-280960104002,SSEN-2809601040
SSEN-280960104003,SSEN-2809601040
SSEN-280960104004,SSEN-2809601040
SSEN-280960105001,SSEN-2809601050
SSEN-280960105002,SSEN-2809601050
SSEN-280960105004,SSEN-2809601050
SSEN-280960105006,SSEN-2809601050
SSEN-280960201001,SSEN-2809602010
SSEN-280960201002,SSEN-2809602010
SSEN-280960201004,SSEN-2809602010
SSEN-280960201005,SSEN-2809602010
SSEN-280960202001,SSEN-2809602020
SSEN-280960202002,SSEN-2809602020
SSEN-280960202003,SSEN-2809602020
SSEN-280960202004,SSEN-2809602020
SSEN-280960202005,SSEN-2809602020
SSEN-280960202007,SSEN-2809602020
SSEN-280960202009,SSEN-2809602020
SSEN-280960203001,SSEN-2809602030
SSEN-280960203003,SSEN-2809602030
SSEN-280960203004,SSEN-2809602030
SSEN-280960203005,SSEN-2809602030
SSEN-280960405301,SSEN-2809604053
SSEN-280960405303,SSEN-2809604053
SSEN-280960405305,SSEN-2809604053
SSEN-280960405306,SSEN-2809604053
SSEN-280960405307,SSEN-2809604053
SSEN-280960407301,SSEN-2809604073
SSEN-280960407302,SSEN-2809604073
SSEN-280960702201,SSEN-2809607022
SSEN-280960704201,SSEN-2809607042
SSEN-280960704202,SSEN-2809607042
SSEN-280960704203,SSEN-2809607042
SSEN-280960704204,SSEN-2809607042
SSEN-280960704205,SSEN-2809607042
SSEN-280960705201,SSEN-2809607052
SSEN-280960705202,SSEN-2809607052
SSEN-280960707201,SSEN-2809607072
SSEN-280960707202,SSEN-2809607072
SSEN-280960707203,SSEN-2809607072
SSEN-280960708213,SSEN-2809607082
SSEN-280960710201,SSEN-2809607102
SSEN-280960710203,SSEN-2809607102
SSEN-280960801501,SSEN-2809608015
SSEN-280960804503,SSEN-2809608045
SSEN-280960804505,SSEN-2809608045
SSEN-280960904701,SSEN-2809609047
SSEN-280960904702,SSEN-2809609047
SSEN-280960904703,SSEN-2809609047
SSEN-280960904704,SSEN-2809609047
SSEN-280960905701,SSEN-2809609057
SSEN-280960905702,SSEN-2809609057
SSEN-280960905703,SSEN-2809609057
SSEN-280960905704,SSEN-2809609057
SSEN-280961003404,SSEN-2809610034
SSEN-280961101501,SSEN-2809611015
SSEN-280961101503,SSEN-2809611015
SSEN-280961105501,SSEN-2809611055
SSEN-280961105502,SSEN-2809611055
SSEN-280961105503,SSEN-2809611055
SSEN-280961105504,SSEN-2809611055
SSEN-280961109501,SSEN-2809611095
SSEN-280961109502,SSEN-2809611095
SSEN-280961109504,SSEN-2809611095
SSEN-280961200602,SSEN-2809612006
SSEN-280961201601,SSEN-2809612016
SSEN-280961202601,SSEN-2809612026
SSEN-280961203601,SSEN-2809612036
SSEN-281001509501,SSEN-2810015095
SSEN-281101116002,SSEN-2811011160
SSEN-281101116003,SSEN-2811011160
SSEN-281101118002,SSEN-2811011180
SSEN-281101124002,SSEN-2811011240
SSEN-281101124003,SSEN-2811011240
SSEN-281101124004,SSEN-2811011240
SSEN-281101304001,SSEN-2811013040
SSEN-281101304003,SSEN-2811013040
SSEN-281101308001,SSEN-2811013080
SSEN-281101308002,SSEN-2811013080
SSEN-281101308003,SSEN-2811013080
SSEN-281101312001,SSEN-2811013120
SSEN-281101312002,SSEN-2811013120
SSEN-281101312005,SSEN-2811013120
SSEN-281101314001,SSEN-2811013140
SSEN-281101316002,SSEN-2811013160
SSEN-281101316003,SSEN-2811013160
SSEN-281101316005,SSEN-2811013160
SSEN-281101316007,SSEN-2811013160
SSEN-281101318002,SSEN-2811013180
SSEN-281101320001,SSEN-2811013200
SSEN-281101320002,SSEN-2811013200
SSEN-281101320003,SSEN-2811013200
SSEN-281101320004,SSEN-2811013200
SSEN-281101320005,SSEN-2811013200
SSEN-281101322001,SSEN-2811013220
SSEN-281101322002,SSEN-2811013220
SSEN-281101322003,SSEN-2811013220
SSEN-281101324001,SSEN-2811013240
SSEN-281101324002,SSEN-2811013240
SSEN-281101326001,SSEN-2811013260
SSEN-281101326002,SSEN-2811013260
SSEN-281101502001,SSEN-2811015020
SSEN-281101502002,SSEN-2811015020
SSEN-281101504001,SSEN-2811015040
SSEN-281101504002,SSEN-2811015040
SSEN-281101504003,SSEN-2811015040
SSEN-281101506001,SSEN-2811015060
SSEN-281101506002,SSEN-2811015060
SSEN-281101508001,SSEN-2811015080
SSEN-281101508002,SSEN-2811015080
SSEN-281101508003,SSEN-2811015080
SSEN-281101508004,SSEN-2811015080
SSEN-281101602002,SSEN-2811016020
SSEN-281101604001,SSEN-2811016040
SSEN-281101606001,SSEN-2811016060
SSEN-281101606002,SSEN-2811016060
SSEN-281101606003,SSEN-2811016060
SSEN-281101606004,SSEN-2811016060
SSEN-281101608001,SSEN-2811016080
SSEN-281101608003,SSEN-2811016080
SSEN-281101608004,SSEN-2811016080
SSEN-281101608005,SSEN-2811016080
SSEN-281101608006,SSEN-2811016080
SSEN-281101608007,SSEN-2811016080
SSEN-281101609001,SSEN-2811016090
SSEN-281101609004,SSEN-2811016090
SSEN-281101610001,SSEN-2811016100
SSEN-281101610002,SSEN-2811016100
SSEN-281101610003,SSEN-2811016100
SSEN-281101610005,SSEN-2811016100
SSEN-281101611001,SSEN-2811016110
SSEN-281101611002,SSEN-2811016110
SSEN-281101611003,SSEN-2811016110
SSEN-281200208001,SSEN-2812002080
SSEN-281200208003,SSEN-2812002080
SSEN-281200208005,SSEN-2812002080
SSEN-281200212001,SSEN-2812002120
SSEN-281200212002,SSEN-2812002120
SSEN-281200212003,SSEN-2812002120
SSEN-281200214001,SSEN-2812002140
SSEN-281200214003,SSEN-2812002140
SSEN-281200216001,SSEN-2812002160
SSEN-281200216002,SSEN-2812002160
SSEN-281200218001,SSEN-2812002180
SSEN-281200218002,SSEN-2812002180
SSEN-281200218004,SSEN-2812002180
SSEN-281200218005,SSEN-2812002180
SSEN-281200218006,SSEN-2812002180
SSEN-281200220001,SSEN-2812002200
SSEN-281200220002,SSEN-2812002200
SSEN-281200220003,SSEN-2812002200
SSEN-281200222001,SSEN-2812002220
SSEN-281200232001,SSEN-2812002320
SSEN-281200232002,SSEN-2812002320
SSEN-281200232003,SSEN-2812002320
SSEN-281200234001,SSEN-2812002340
SSEN-281200234003,SSEN-2812002340
SSEN-281200236001,SSEN-2812002360
SSEN-281200236003,SSEN-2812002360
SSEN-281200236004,SSEN-2812002360
SSEN-281200238001,SSEN-2812002380
SSEN-281200238002,SSEN-2812002380
SSEN-281200238003,SSEN-2812002380
SSEN-281200238005,SSEN-2812002380
SSEN-281200240001,SSEN-2812002400
SSEN-281200240002,SSEN-2812002400
SSEN-281200240003,SSEN-2812002400
SSEN-281200240004,SSEN-2812002400
SSEN-281200240006,SSEN-2812002400
SSEN-281200250001,SSEN-2812002500
SSEN-281200250002,SSEN-2812002500
SSEN-281200250003,SSEN-2812002500
SSEN-281200250004,SSEN-2812002500
SSEN-281200252001,SSEN-2812002520
SSEN-281200252002,SSEN-2812002520
SSEN-281200252003,SSEN-2812002520
SSEN-281200252004,SSEN-2812002520
SSEN-281200257002,SSEN-2812002570
SSEN-281200302002,SSEN-2812003020
SSEN-281200302004,SSEN-2812003020
SSEN-281200302005,SSEN-2812003020
SSEN-281200304002,SSEN-2812003040
SSEN-281200304003,SSEN-2812003040
SSEN-281200304004,SSEN-2812003040
SSEN-281200304005,SSEN-2812003040
SSEN-281200304006,SSEN-2812003040
SSEN-281200306002,SSEN-2812003060
SSEN-281200308001,SSEN-2812003080
SSEN-281200308003,SSEN-2812003080
SSEN-281200308004,SSEN-2812003080
SSEN-281200318001,SSEN-2812003180
SSEN-281200318002,SSEN-2812003180
SSEN-281200320002,SSEN-2812003200
SSEN-281200320003,SSEN-2812003200
SSEN-281200320004,SSEN-2812003200
SSEN-281200322001,SSEN-2812003220
SSEN-281200322002,SSEN-2812003220
SSEN-281200322003,SSEN-2812003220
SSEN-281200322004,SSEN-2812003220
SSEN-281200322005,SSEN-2812003220
SSEN-281200322006,SSEN-2812003220
SSEN-281200501005,SSEN-2812005010
SSEN-281201005001,SSEN-2812010050
SSEN-281201006001,SSEN-2812010060
SSEN-281300106002,SSEN-2813001060
SSEN-281300108001,SSEN-2813001080
SSEN-281300108002,SSEN-2813001080
SSEN-281300112001,SSEN-2813001120
SSEN-281300112002,SSEN-2813001120
SSEN-281300113001,SSEN-2813001130
SSEN-281300113003,SSEN-2813001130
SSEN-281300120003,SSEN-2813001200
SSEN-281300120004,SSEN-2813001200
SSEN-281300124001,SSEN-2813001240
SSEN-281300128001,SSEN-2813001280
SSEN-281300128002,SSEN-2813001280
SSEN-281300128003,SSEN-2813001280
SSEN-281300140001,SSEN-2813001400
SSEN-281300140002,SSEN-2813001400
SSEN-281300140004,SSEN-2813001400
SSEN-281300142003,SSEN-2813001420
SSEN-281300142004,SSEN-2813001420
SSEN-281300144002,SSEN-2813001440
SSEN-281300144005,SSEN-2813001440
SSEN-281300150002,SSEN-2813001500
SSEN-281300150003,SSEN-2813001500
SSEN-281300602001,SSEN-2813006020
SSEN-281300602006,SSEN-2813006020
SSEN-281300607003,SSEN-2813006070
SSEN-281300802002,SSEN-2813008020
SSEN-281300808001,SSEN-2813008080
SSEN-281300808003,SSEN-2813008080
SSEN-281600101001,SSEN-2816001010
SSEN-281600101002,SSEN-2816001010
SSEN-281600101004,SSEN-2816001010
SSEN-281600102001,SSEN-2816001020
SSEN-281600102002,SSEN-2816001020
SSEN-281600102003,SSEN-2816001020
SSEN-281600103001,SSEN-2816001030
SSEN-281600103002,SSEN-2816001030
SSEN-281600104001,SSEN-2816001040
SSEN-281600104002,SSEN-2816001040
SSEN-281600105001,SSEN-2816001050
SSEN-281600105002,SSEN-2816001050
SSEN-281600105003,SSEN-2816001050
SSEN-281600105004,SSEN-2816001050
SSEN-281600105005,SSEN-2816001050
SSEN-281600401001,SSEN-2816004010
SSEN-281600402001,SSEN-2816004020
SSEN-281600402002,SSEN-2816004020
SSEN-281600407001,SSEN-2816004070
SSEN-281600407003,SSEN-2816004070
SSEN-281600407004,SSEN-2816004070
SSEN-281600408001,SSEN-2816004080
SSEN-281600409001,SSEN-2816004090
SSEN-281600409002,SSEN-2816004090
SSEN-281600501002,SSEN-2816005010
SSEN-281600501003,SSEN-2816005010
SSEN-281600501004,SSEN-2816005010
SSEN-281600502002,SSEN-2816005020
SSEN-281600508001,SSEN-2816005080
SSEN-281600508002,SSEN-2816005080
SSEN-281600508003,SSEN-2816005080
SSEN-281600509001,SSEN-2816005090
SSEN-281600509002,SSEN-2816005090
SSEN-281600509003,SSEN-2816005090
SSEN-281600510001,SSEN-2816005100
SSEN-281600510002,SSEN-2816005100
SSEN-281600510003,SSEN-2816005100
SSEN-281600510004,SSEN-2816005100
SSEN-281600601001,SSEN-2816006010
SSEN-281600601002,SSEN-2816006010
SSEN-281600601003,SSEN-2816006010
SSEN-281600602001,SSEN-2816006020
SSEN-281600602002,SSEN-2816006020
SSEN-281600602003,SSEN-2816006020
SSEN-281600602004,SSEN-2816006020
SSEN-281600602005,SSEN-2816006020
SSEN-281600602006,SSEN-2816006020
SSEN-281600602007,SSEN-2816006020
SSEN-281600603001,SSEN-2816006030
SSEN-281600603002,SSEN-2816006030
SSEN-281600603003,SSEN-2816006030
SSEN-281600604001,SSEN-2816006040
SSEN-281600604002,SSEN-2816006040
SSEN-281600604003,SSEN-2816006040
SSEN-281600605001,SSEN-2816006050
SSEN-281600605002,SSEN-2816006050
SSEN-281600605003,SSEN-2816006050
SSEN-281600605004,SSEN-2816006050
SSEN-281600605006,SSEN-2816006050
SSEN-281600606001,SSEN-2816006060
SSEN-281600606002,SSEN-2816006060
SSEN-281600606003,SSEN-2816006060
SSEN-281600607001,SSEN-2816006070
SSEN-281600607002,SSEN-2816006070
SSEN-281600607003,SSEN-2816006070
SSEN-281600607004,SSEN-2816006070
SSEN-281600607005,SSEN-2816006070
SSEN-281600608003,SSEN-2816006080
SSEN-281600609001,SSEN-2816006090
SSEN-281600609002,SSEN-2816006090
SSEN-281600609003,SSEN-2816006090
SSEN-281600609004,SSEN-2816006090
SSEN-281600610001,SSEN-2816006100
SSEN-281600610002,SSEN-2816006100
SSEN-281600610003,SSEN-2816006100
SSEN-281600610004,SSEN-2816006100
SSEN-281600611001,SSEN-2816006110
SSEN-281600611002,SSEN-2816006110
SSEN-281600611003,SSEN-2816006110
SSEN-281600612002,SSEN-2816006120
SSEN-281600612003,SSEN-2816006120
SSEN-281600613001,SSEN-2816006130
SSEN-281600613002,SSEN-2816006130
SSEN-281600613003,SSEN-2816006130
SSEN-281600801002,SSEN-2816008010
SSEN-281600801004,SSEN-2816008010
SSEN-281600801005,SSEN-2816008010
SSEN-281600802002,SSEN-2816008020
SSEN-281600802003,SSEN-2816008020
SSEN-281600802005,SSEN-2816008020
SSEN-281600802506,SSEN-2816008025
SSEN-281600803001,SSEN-2816008030
SSEN-281600803003,SSEN-2816008030
SSEN-281600803004,SSEN-2816008030
SSEN-281600902001,SSEN-2816009020
SSEN-281600911001,SSEN-2816009110
SSEN-281600911002,SSEN-2816009110
SSEN-281601001001,SSEN-2816010010
SSEN-281601001003,SSEN-2816010010
SSEN-281601002001,SSEN-2816010020
SSEN-281601002002,SSEN-2816010020
SSEN-281601002004,SSEN-2816010020
SSEN-281601003001,SSEN-2816010030
SSEN-281601003002,SSEN-2816010030
SSEN-281601003003,SSEN-2816010030
SSEN-281601003004,SSEN-2816010030
SSEN-281601004001,SSEN-2816010040
SSEN-281601004003,SSEN-2816010040
SSEN-281601004004,SSEN-2816010040
SSEN-281601004005,SSEN-2816010040
SSEN-281601004007,SSEN-2816010040
SSEN-281601005001,SSEN-2816010050
SSEN-281601005002,SSEN-2816010050
SSEN-281601005003,SSEN-2816010050
SSEN-281601005004,SSEN-2816010050
SSEN-281601006001,SSEN-2816010060
SSEN-281601006002,SSEN-2816010060
SSEN-281601006003,SSEN-2816010060
SSEN-281601006004,SSEN-2816010060
SSEN-281601006005,SSEN-2816010060
SSEN-281601008003,SSEN-2816010080
SSEN-281601010001,SSEN-2816010100
SSEN-281601010002,SSEN-2816010100
SSEN-281601010003,SSEN-2816010100
SSEN-281601010004,SSEN-2816010100
SSEN-281601010005,SSEN-2816010100
SSEN-281601014001,SSEN-2816010140
SSEN-281601014003,SSEN-2816010140
SSEN-281601014004,SSEN-2816010140
SSEN-281601101001,SSEN-2816011010
SSEN-281601101005,SSEN-2816011010
SSEN-281601102001,SSEN-2816011020
SSEN-281601102002,SSEN-2816011020
SSEN-281601102003,SSEN-2816011020
SSEN-281601108001,SSEN-2816011080
SSEN-281601108003,SSEN-2816011080
SSEN-281601108004,SSEN-2816011080
SSEN-281601109001,SSEN-2816011090
SSEN-281601110001,SSEN-2816011100
SSEN-281601110002,SSEN-2816011100
SSEN-281601110004,SSEN-2816011100
SSEN-281601111001,SSEN-2816011110
SSEN-281601111002,SSEN-2816011110
SSEN-281601111003,SSEN-2816011110
SSEN-281601112001,SSEN-2816011120
SSEN-281601112002,SSEN-2816011120
SSEN-281601112004,SSEN-2816011120
SSEN-281601113003,SSEN-2816011130
SSEN-281601113004,SSEN-2816011130
SSEN-281601113005,SSEN-2816011130
SSEN-281601114001,SSEN-2816011140
SSEN-281601114002,SSEN-2816011140
SSEN-281601114003,SSEN-2816011140
SSEN-281800102001,SSEN-2818001020
SSEN-281800106001,SSEN-2818001060
SSEN-281800106002,SSEN-2818001060
SSEN-281800106003,SSEN-2818001060
SSEN-281800110003,SSEN-2818001100
SSEN-281800112001,SSEN-2818001120
SSEN-281800112003,SSEN-2818001120
SSEN-281800112004,SSEN-2818001120
SSEN-281800112005,SSEN-2818001120
SSEN-281800114003,SSEN-2818001140
SSEN-281800116001,SSEN-2818001160
SSEN-281800116002,SSEN-2818001160
SSEN-281800116005,SSEN-2818001160
SSEN-281800118001,SSEN-2818001180
SSEN-281800118002,SSEN-2818001180
SSEN-281800118003,SSEN-2818001180
SSEN-281800118004,SSEN-2818001180
SSEN-281800120002,SSEN-2818001200
SSEN-281800120003,SSEN-2818001200
SSEN-281800129001,SSEN-2818001290
SSEN-281800130001,SSEN-2818001300
SSEN-281800131001,SSEN-2818001310
SSEN-281800131003,SSEN-2818001310
SSEN-281800131004,SSEN-2818001310
SSEN-281800131005,SSEN-2818001310
SSEN-281800132002,SSEN-2818001320
SSEN-281800132003,SSEN-2818001320
SSEN-281800132004,SSEN-2818001320
SSEN-281800132005,SSEN-2818001320
SSEN-281800202001,SSEN-2818002020
SSEN-281800202002,SSEN-2818002020
SSEN-281800202003,SSEN-2818002020
SSEN-281800202005,SSEN-2818002020
SSEN-281800202006,SSEN-2818002020
SSEN-281800202007,SSEN-2818002020
SSEN-281800202008,SSEN-2818002020
SSEN-281800202009,SSEN-2818002020
SSEN-281800202011,SSEN-2818002020
SSEN-281800202013,SSEN-2818002020
SSEN-281800212001,SSEN-2818002120
SSEN-281800212002,SSEN-2818002120
SSEN-281800212004,SSEN-2818002120
SSEN-281800212005,SSEN-2818002120
SSEN-281800214001,SSEN-2818002140
SSEN-281800214002,SSEN-2818002140
SSEN-281800214004,SSEN-2818002140
SSEN-281800214005,SSEN-2818002140
SSEN-281800216001,SSEN-2818002160
SSEN-281800216002,SSEN-2818002160
SSEN-281800216004,SSEN-2818002160
SSEN-281800216005,SSEN-2818002160
SSEN-281800226001,SSEN-2818002260
SSEN-281800226002,SSEN-2818002260
SSEN-281800226004,SSEN-2818002260
SSEN-281800226005,SSEN-2818002260
SSEN-281800228001,SSEN-2818002280
SSEN-281800228004,SSEN-2818002280
SSEN-281800230001,SSEN-2818002300
SSEN-281800230002,SSEN-2818002300
SSEN-281800230003,SSEN-2818002300
SSEN-281800230004,SSEN-2818002300
SSEN-281800230005,SSEN-2818002300
SSEN-281800234001,SSEN-2818002340
SSEN-281800234002,SSEN-2818002340
SSEN-281800234003,SSEN-2818002340
SSEN-281800234004,SSEN-2818002340
SSEN-281800236001,SSEN-2818002360
SSEN-281800236002,SSEN-2818002360
SSEN-281800236004,SSEN-2818002360
SSEN-281800236005,SSEN-2818002360
SSEN-281800302002,SSEN-2818003020
SSEN-281800302003,SSEN-2818003020
SSEN-281800302004,SSEN-2818003020
SSEN-281800304001,SSEN-2818003040
SSEN-281800304003,SSEN-2818003040
SSEN-281800304004,SSEN-2818003040
SSEN-281800304005,SSEN-2818003040
SSEN-281800306001,SSEN-2818003060
SSEN-281800306003,SSEN-2818003060
SSEN-281800308001,SSEN-2818003080
SSEN-281800308002,SSEN-2818003080
SSEN-281800308003,SSEN-2818003080
SSEN-281800308004,SSEN-2818003080
SSEN-281800318003,SSEN-2818003180
SSEN-281800320001,SSEN-2818003200
SSEN-281800320003,SSEN-2818003200
SSEN-281800322001,SSEN-2818003220
SSEN-281800322002,SSEN-2818003220
SSEN-281800324001,SSEN-2818003240
SSEN-281800324004,SSEN-2818003240
SSEN-281800324005,SSEN-2818003240
SSEN-281800324006,SSEN-2818003240
SSEN-281800324007,SSEN-2818003240
SSEN-281800326002,SSEN-2818003260
SSEN-281800326004,SSEN-2818003260
SSEN-281800402001,SSEN-2818004020
SSEN-281800402002,SSEN-2818004020
SSEN-281800402003,SSEN-2818004020
SSEN-281800402004,SSEN-2818004020
SSEN-281800403001,SSEN-2818004030
SSEN-281800403002,SSEN-2818004030
SSEN-281800403003,SSEN-2818004030
SSEN-281800405001,SSEN-2818004050
SSEN-281800405002,SSEN-2818004050
SSEN-281800406001,SSEN-2818004060
SSEN-281800406002,SSEN-2818004060
SSEN-281800406003,SSEN-2818004060
SSEN-281800406004,SSEN-2818004060
SSEN-281800408001,SSEN-2818004080
SSEN-281800408003,SSEN-2818004080
SSEN-281800408004,SSEN-2818004080
SSEN-281800409001,SSEN-2818004090
SSEN-281800409002,SSEN-2818004090
SSEN-281800409003,SSEN-2818004090
SSEN-281800409004,SSEN-2818004090
SSEN-281800409005,SSEN-2818004090
SSEN-281800410001,SSEN-2818004100
SSEN-281800410003,SSEN-2818004100
SSEN-281800412001,SSEN-2818004120
SSEN-281800413001,SSEN-2818004130
SSEN-281800414001,SSEN-2818004140
SSEN-281800414004,SSEN-2818004140
SSEN-281800414005,SSEN-2818004140
SSEN-281800502003,SSEN-2818005020
SSEN-281800502004,SSEN-2818005020
SSEN-281800502005,SSEN-2818005020
SSEN-281800504002,SSEN-2818005040
SSEN-281800506001,SSEN-2818005060
SSEN-281800506002,SSEN-2818005060
SSEN-281800508001,SSEN-2818005080
SSEN-281800508002,SSEN-2818005080
SSEN-281800508003,SSEN-2818005080
SSEN-281800510001,SSEN-2818005100
SSEN-281800510002,SSEN-2818005100
SSEN-281800510003,SSEN-2818005100
SSEN-281800510004,SSEN-2818005100
SSEN-281800510005,SSEN-2818005100
SSEN-281800600501,SSEN-2818006005
SSEN-281800600502,SSEN-2818006005
SSEN-281800600503,SSEN-2818006005
SSEN-281800601502,SSEN-2818006015
SSEN-281800602502,SSEN-2818006025
SSEN-281800604501,SSEN-2818006045
SSEN-281800604503,SSEN-2818006045
SSEN-281800604504,SSEN-2818006045
SSEN-281800605501,SSEN-2818006055
SSEN-281800605502,SSEN-2818006055
SSEN-281800605504,SSEN-2818006055
SSEN-281800606501,SSEN-2818006065
SSEN-281800606502,SSEN-2818006065
SSEN-281800606503,SSEN-2818006065
SSEN-281800606504,SSEN-2818006065
SSEN-281800608501,SSEN-2818006085
SSEN-281800608502,SSEN-2818006085
SSEN-281800608504,SSEN-2818006085
SSEN-281800608505,SSEN-2818006085
SSEN-281800609501,SSEN-2818006095
SSEN-281800609502,SSEN-2818006095
SSEN-281800609503,SSEN-2818006095
SSEN-281800609504,SSEN-2818006095
SSEN-281800611501,SSEN-2818006115
SSEN-281800611502,SSEN-2818006115
SSEN-281800614001,SSEN-2818006140
SSEN-281800614002,SSEN-2818006140
SSEN-281800614003,SSEN-2818006140
SSEN-281800614004,SSEN-2818006140
SSEN-281800614005,SSEN-2818006140
SSEN-281800614006,SSEN-2818006140
SSEN-281800615001,SSEN-2818006150
SSEN-281800615002,SSEN-2818006150
SSEN-281800615003,SSEN-2818006150
SSEN-281800615004,SSEN-2818006150
SSEN-281800616001,SSEN-2818006160
SSEN-281800616002,SSEN-2818006160
SSEN-281800616004,SSEN-2818006160
SSEN-281800617001,SSEN-2818006170
SSEN-281800617004,SSEN-2818006170
SSEN-281800618001,SSEN-2818006180
SSEN-281800618002,SSEN-2818006180
SSEN-281800618003,SSEN-2818006180
SSEN-281800618004,SSEN-2818006180
SSEN-281800700501,SSEN-2818007005
SSEN-281800700502,SSEN-2818007005
SSEN-281800700505,SSEN-2818007005
SSEN-281800701001,SSEN-2818007010
SSEN-281800701002,SSEN-2818007010
SSEN-281800701003,SSEN-2818007010
SSEN-281800702001,SSEN-2818007020
SSEN-281800702002,SSEN-2818007020
SSEN-281800702004,SSEN-2818007020
SSEN-281800704003,SSEN-2818007040
SSEN-281800704004,SSEN-2818007040
SSEN-281800704005,SSEN-2818007040
SSEN-281800705003,SSEN-2818007050
SSEN-281800708002,SSEN-2818007080
SSEN-281800710002,SSEN-2818007100
SSEN-281800710006,SSEN-2818007100
SSEN-281800710007,SSEN-2818007100
SSEN-281800714002,SSEN-2818007140
SSEN-281800714003,SSEN-2818007140
SSEN-281800714005,SSEN-2818007140
SSEN-281800724002,SSEN-2818007240
SSEN-281800728001,SSEN-2818007280
SSEN-281800728002,SSEN-2818007280
SSEN-281800728003,SSEN-2818007280
SSEN-281800728004,SSEN-2818007280
SSEN-281800730001,SSEN-2818007300
SSEN-281800730002,SSEN-2818007300
SSEN-281800730003,SSEN-2818007300
SSEN-281800903004,SSEN-2818009030
SSEN-281800904001,SSEN-2818009040
SSEN-281800904002,SSEN-2818009040
SSEN-281800907001,SSEN-2818009070
SSEN-281800907002,SSEN-2818009070
SSEN-281800907004,SSEN-2818009070
SSEN-281800908001,SSEN-2818009080
SSEN-281800908002,SSEN-2818009080
SSEN-281800909001,SSEN-2818009090
SSEN-281800909002,SSEN-2818009090
SSEN-281800910002,SSEN-2818009100
SSEN-281800910004,SSEN-2818009100
SSEN-281800911001,SSEN-2818009110
SSEN-281800911003,SSEN-2818009110
SSEN-281800912003,SSEN-2818009120
SSEN-281800912004,SSEN-2818009120
SSEN-281800912005,SSEN-2818009120
SSEN-281800913001,SSEN-2818009130
SSEN-281800913002,SSEN-2818009130
SSEN-281800914002,SSEN-2818009140
SSEN-281800914003,SSEN-2818009140
SSEN-281800914004,SSEN-2818009140
SSEN-281800915001,SSEN-2818009150
SSEN-281800915002,SSEN-2818009150
SSEN-281801103001,SSEN-2818011030
SSEN-281801103002,SSEN-2818011030
SSEN-281801104001,SSEN-2818011040
SSEN-281801104003,SSEN-2818011040
SSEN-281801104005,SSEN-2818011040
SSEN-282000442001,SSEN-2820004420
SSEN-282000442002,SSEN-2820004420
SSEN-282000444001,SSEN-2820004440
SSEN-282000444002,SSEN-2820004440
SSEN-282000444003,SSEN-2820004440
SSEN-282000444004,SSEN-2820004440
SSEN-282000446002,SSEN-2820004460
SSEN-282000446003,SSEN-2820004460
SSEN-282000446004,SSEN-2820004460
SSEN-282000448001,SSEN-2820004480
SSEN-282000448002,SSEN-2820004480
SSEN-282000448003,SSEN-2820004480
SSEN-282000448004,SSEN-2820004480
SSEN-282000450001,SSEN-2820004500
SSEN-282000450002,SSEN-2820004500
SSEN-282000452002,SSEN-2820004520
SSEN-282000452003,SSEN-2820004520
SSEN-282001605001,SSEN-2820016050
SSEN-282001605002,SSEN-2820016050
SSEN-282001605003,SSEN-2820016050
SSEN-282200201002,SSEN-2822002010
SSEN-282200201004,SSEN-2822002010
SSEN-282200203001,SSEN-2822002030
SSEN-282200203002,SSEN-2822002030
SSEN-282200203004,SSEN-2822002030
SSEN-282200206002,SSEN-2822002060
SSEN-282200207001,SSEN-2822002070
SSEN-282200207002,SSEN-2822002070
SSEN-282200207003,SSEN-2822002070
SSEN-282200207004,SSEN-2822002070
SSEN-282200402001,SSEN-2822004020
SSEN-282200402002,SSEN-2822004020
SSEN-282200402003,SSEN-2822004020
SSEN-282200402005,SSEN-2822004020
SSEN-282200404001,SSEN-2822004040
SSEN-282200404002,SSEN-2822004040
SSEN-282200404004,SSEN-2822004040
SSEN-282200406003,SSEN-2822004060
SSEN-282200409701,SSEN-2822004097
SSEN-282200502001,SSEN-2822005020
SSEN-282200502003,SSEN-2822005020
SSEN-282200504001,SSEN-2822005040
SSEN-282200504002,SSEN-2822005040
SSEN-282200504003,SSEN-2822005040
SSEN-282200504004,SSEN-2822005040
SSEN-282200506001,SSEN-2822005060
SSEN-282200506002,SSEN-2822005060
SSEN-282200506003,SSEN-2822005060
SSEN-282200510001,SSEN-2822005100
SSEN-282200510002,SSEN-2822005100
SSEN-282200510003,SSEN-2822005100
SSEN-282200510004,SSEN-2822005100
SSEN-282200512001,SSEN-2822005120
SSEN-282200512002,SSEN-2822005120
SSEN-282200512003,SSEN-2822005120
SSEN-282200512004,SSEN-2822005120
SSEN-282200514003,SSEN-2822005140
SSEN-282200514004,SSEN-2822005140
SSEN-282200516001,SSEN-2822005160
SSEN-282200516002,SSEN-2822005160
SSEN-282200516003,SSEN-2822005160
SSEN-282200516004,SSEN-2822005160
SSEN-282200518001,SSEN-2822005180
SSEN-282200518003,SSEN-2822005180
SSEN-282200518004,SSEN-2822005180
SSEN-282200520001,SSEN-2822005200
SSEN-282200520002,SSEN-2822005200
SSEN-282200520003,SSEN-2822005200
SSEN-282200522001,SSEN-2822005220
SSEN-282200522002,SSEN-2822005220
SSEN-282200522003,SSEN-2822005220
SSEN-282200538001,SSEN-2822005380
SSEN-282200538003,SSEN-2822005380
SSEN-282200538004,SSEN-2822005380
SSEN-282200538005,SSEN-2822005380
SSEN-282200540002,SSEN-2822005400
SSEN-282200542001,SSEN-2822005420
SSEN-282200542002,SSEN-2822005420
SSEN-282200542005,SSEN-2822005420
SSEN-282200544001,SSEN-2822005440
SSEN-282200544002,SSEN-2822005440
SSEN-282200544003,SSEN-2822005440
SSEN-282200544004,SSEN-2822005440
SSEN-282200546001,SSEN-2822005460
SSEN-282200548002,SSEN-2822005480
SSEN-282200548003,SSEN-2822005480
SSEN-282200548004,SSEN-2822005480
SSEN-282200548502,SSEN-2822005485
SSEN-282200548503,SSEN-2822005485
SSEN-282200602002,SSEN-2822006020
SSEN-282200606001,SSEN-2822006060
SSEN-282200606002,SSEN-2822006060
SSEN-282200606003,SSEN-2822006060
SSEN-282200606004,SSEN-2822006060
SSEN-282200608001,SSEN-2822006080
SSEN-282200608002,SSEN-2822006080
SSEN-282200608003,SSEN-2822006080
SSEN-282200610001,SSEN-2822006100
SSEN-282200610002,SSEN-2822006100
SSEN-282200610003,SSEN-2822006100
SSEN-282200611001,SSEN-2822006110
SSEN-282200611003,SSEN-2822006110
SSEN-282200611005,SSEN-2822006110
SSEN-282200612002,SSEN-2822006120
SSEN-282200612003,SSEN-2822006120
SSEN-282200612004,SSEN-2822006120
SSEN-282200612005,SSEN-2822006120
SSEN-282200620002,SSEN-2822006200
SSEN-282200620004,SSEN-2822006200
SSEN-282200620005,SSEN-2822006200
SSEN-282200620006,SSEN-2822006200
SSEN-282200628001,SSEN-2822006280
SSEN-282200628002,SSEN-2822006280
SSEN-282200628003,SSEN-2822006280
SSEN-282200630001,SSEN-2822006300
SSEN-282200630002,SSEN-2822006300
SSEN-282200630003,SSEN-2822006300
SSEN-282200630004,SSEN-2822006300
SSEN-282200632001,SSEN-2822006320
SSEN-282200632003,SSEN-2822006320
SSEN-282200632004,SSEN-2822006320
SSEN-282200802001,SSEN-2822008020
SSEN-282200802002,SSEN-2822008020
SSEN-282200804001,SSEN-2822008040
SSEN-282200804002,SSEN-2822008040
SSEN-282200804003,SSEN-2822008040
SSEN-282200804005,SSEN-2822008040
SSEN-282200804006,SSEN-2822008040
SSEN-282200806001,SSEN-2822008060
SSEN-282200808001,SSEN-2822008080
SSEN-282200808002,SSEN-2822008080
SSEN-282200810001,SSEN-2822008100
SSEN-282200810002,SSEN-2822008100
SSEN-282200810004,SSEN-2822008100
SSEN-282200810005,SSEN-2822008100
SSEN-282200820002,SSEN-2822008200
SSEN-282200822001,SSEN-2822008220
SSEN-282200822002,SSEN-2822008220
SSEN-282200822003,SSEN-2822008220
SSEN-282200823001,SSEN-2822008230
SSEN-282200823003,SSEN-2822008230
SSEN-282200823004,SSEN-2822008230
SSEN-282200823005,SSEN-2822008230
SSEN-282200823201,SSEN-2822008232
SSEN-282200823501,SSEN-2822008235
SSEN-282200823502,SSEN-2822008235
SSEN-282200824001,SSEN-2822008240
SSEN-282200824002,SSEN-2822008240
SSEN-282200824601,SSEN-2822008246
SSEN-282200824801,SSEN-2822008248
SSEN-282200824802,SSEN-2822008248
SSEN-282200824804,SSEN-2822008248
SSEN-282200825101,SSEN-2822008251
SSEN-282200825102,SSEN-2822008251
SSEN-282200825104,SSEN-2822008251
SSEN-282200837001,SSEN-2822008370
SSEN-282200904002,SSEN-2822009040
SSEN-282200906004,SSEN-2822009060
SSEN-282200908001,SSEN-2822009080
SSEN-282200908002,SSEN-2822009080
SSEN-282200908004,SSEN-2822009080
SSEN-282200910004,SSEN-2822009100
SSEN-282200914001,SSEN-2822009140
SSEN-282200914002,SSEN-2822009140
SSEN-282200914003,SSEN-2822009140
SSEN-282200916001,SSEN-2822009160
SSEN-282200916002,SSEN-2822009160
SSEN-282200916003,SSEN-2822009160
SSEN-282200916004,SSEN-2822009160
SSEN-282200918001,SSEN-2822009180
SSEN-282200918002,SSEN-2822009180
SSEN-282200918004,SSEN-2822009180
SSEN-282200918005,SSEN-2822009180
SSEN-282200920001,SSEN-2822009200
SSEN-282200920002,SSEN-2822009200
SSEN-282200920003,SSEN-2822009200
SSEN-282200920004,SSEN-2822009200
SSEN-282200922002,SSEN-2822009220
SSEN-282200922003,SSEN-2822009220
SSEN-282200922005,SSEN-2822009220
SSEN-282200922008,SSEN-2822009220
SSEN-282200924001,SSEN-2822009240
SSEN-282200924002,SSEN-2822009240
SSEN-282200926001,SSEN-2822009260
SSEN-282200926002,SSEN-2822009260
SSEN-282200926003,SSEN-2822009260
SSEN-282200926005,SSEN-2822009260
SSEN-282200926006,SSEN-2822009260
SSEN-282200928005,SSEN-2822009280
SSEN-282200938002,SSEN-2822009380
SSEN-282200940002,SSEN-2822009400
SSEN-282200940003,SSEN-2822009400
SSEN-282201002001,SSEN-2822010020
SSEN-282201002002,SSEN-2822010020
SSEN-282201002003,SSEN-2822010020
SSEN-282201002004,SSEN-2822010020
SSEN-282201002005,SSEN-2822010020
SSEN-282201014001,SSEN-2822010140
SSEN-282201014002,SSEN-2822010140
SSEN-282201014003,SSEN-2822010140
SSEN-282201016001,SSEN-2822010160
SSEN-282201016002,SSEN-2822010160
SSEN-282201016003,SSEN-2822010160
SSEN-282201016005,SSEN-2822010160
SSEN-282201016006,SSEN-2822010160
SSEN-282201017001,SSEN-2822010170
SSEN-282201017002,SSEN-2822010170
SSEN-282201017003,SSEN-2822010170
SSEN-282201017004,SSEN-2822010170
SSEN-282201018001,SSEN-2822010180
SSEN-282201018002,SSEN-2822010180
SSEN-282201018003,SSEN-2822010180
SSEN-282201022002,SSEN-2822010220
SSEN-282201022004,SSEN-2822010220
SSEN-282201024003,SSEN-2822010240
SSEN-282201026003,SSEN-2822010260
SSEN-282201034002,SSEN-2822010340
SSEN-282201036002,SSEN-2822010360
SSEN-282201036003,SSEN-2822010360
SSEN-282201036005,SSEN-2822010360
SSEN-282201046001,SSEN-2822010460
SSEN-282201046002,SSEN-2822010460
SSEN-282201046003,SSEN-2822010460
SSEN-282201046004,SSEN-2822010460
SSEN-282201048001,SSEN-2822010480
SSEN-282201048002,SSEN-2822010480
SSEN-282201048003,SSEN-2822010480
SSEN-282201050001,SSEN-2822010500
SSEN-282201050006,SSEN-2822010500
SSEN-282201050008,SSEN-2822010500
SSEN-282201050009,SSEN-2822010500
SSEN-282201052001,SSEN-2822010520
SSEN-282201052002,SSEN-2822010520
SSEN-282201052003,SSEN-2822010520
SSEN-282201102001,SSEN-2822011020
SSEN-282201102002,SSEN-2822011020
SSEN-282201102004,SSEN-2822011020
SSEN-282201104001,SSEN-2822011040
SSEN-282201104002,SSEN-2822011040
SSEN-282201104003,SSEN-2822011040
SSEN-282201106001,SSEN-2822011060
SSEN-282201106002,SSEN-2822011060
SSEN-282201106003,SSEN-2822011060
SSEN-282201106004,SSEN-2822011060
SSEN-282201110001,SSEN-2822011100
SSEN-282201110002,SSEN-2822011100
SSEN-282201123001,SSEN-2822011230
SSEN-282201126001,SSEN-2822011260
SSEN-282201126004,SSEN-2822011260
SSEN-282201126005,SSEN-2822011260
SSEN-282201128001,SSEN-2822011280
SSEN-282201128002,SSEN-2822011280
SSEN-282201128003,SSEN-2822011280
SSEN-282201129001,SSEN-2822011290
SSEN-282201129002,SSEN-2822011290
SSEN-282201132002,SSEN-2822011320
SSEN-282201132005,SSEN-2822011320
SSEN-282201132006,SSEN-2822011320
SSEN-282201134001,SSEN-2822011340
SSEN-282201136001,SSEN-2822011360
SSEN-282201137302,SSEN-2822011373
SSEN-282201138001,SSEN-2822011380
SSEN-282201138004,SSEN-2822011380
SSEN-282201138501,SSEN-2822011385
SSEN-282201138505,SSEN-2822011385
SSEN-282201138506,SSEN-2822011385
SSEN-282201602001,SSEN-2822016020
SSEN-282201602003,SSEN-2822016020
SSEN-282201620003,SSEN-2822016200
SSEN-282201624001,SSEN-2822016240
SSEN-282201624002,SSEN-2822016240
SSEN-282202201001,SSEN-2822022010
SSEN-282202403001,SSEN-2822024030
SSEN-282202403502,SSEN-2822024035
SSEN-282202403503,SSEN-2822024035
SSEN-282202403504,SSEN-2822024035
SSEN-282202406001,SSEN-2822024060
SSEN-282202406002,SSEN-2822024060
SSEN-282202406003,SSEN-2822024060
SSEN-282202406004,SSEN-2822024060
SSEN-282202406007,SSEN-2822024060
SSEN-282202601001,SSEN-2822026010
SSEN-282202606003,SSEN-2822026060
SSEN-282202606005,SSEN-2822026060
SSEN-282202608001,SSEN-2822026080
SSEN-282202609005,SSEN-2822026090
SSEN-282202610001,SSEN-2822026100
SSEN-282202610004,SSEN-2822026100
SSEN-282202610005,SSEN-2822026100
SSEN-282202611503,SSEN-2822026115
SSEN-282202612001,SSEN-2822026120
SSEN-282202612002,SSEN-2822026120
SSEN-282202612003,SSEN-2822026120
SSEN-282202612004,SSEN-2822026120
SSEN-282202613003,SSEN-2822026130
SSEN-282202614001,SSEN-2822026140
SSEN-282202614004,SSEN-2822026140
SSEN-282202615001,SSEN-2822026150
SSEN-282202615002,SSEN-2822026150
SSEN-282202615003,SSEN-2822026150
SSEN-282202616001,SSEN-2822026160
SSEN-282202616002,SSEN-2822026160
SSEN-282202616003,SSEN-2822026160
SSEN-282202616005,SSEN-2822026160
SSEN-282202617001,SSEN-2822026170
SSEN-282202618003,SSEN-2822026180
SSEN-282202618005,SSEN-2822026180
SSEN-282202619001,SSEN-2822026190
SSEN-282202801001,SSEN-2822028010
SSEN-282202801002,SSEN-2822028010
SSEN-282202801003,SSEN-2822028010
SSEN-282202801004,SSEN-2822028010
SSEN-282202802001,SSEN-2822028020
SSEN-282202802003,SSEN-2822028020
SSEN-282202803001,SSEN-2822028030
SSEN-282202803002,SSEN-2822028030
SSEN-282202803003,SSEN-2822028030
SSEN-282202803004,SSEN-2822028030
SSEN-282202804001,SSEN-2822028040
SSEN-282202804002,SSEN-2822028040
SSEN-282202805001,SSEN-2822028050
SSEN-282202805002,SSEN-2822028050
SSEN-282202805003,SSEN-2822028050
SSEN-282202806002,SSEN-2822028060
SSEN-282202807001,SSEN-2822028070
SSEN-282202807003,SSEN-2822028070
SSEN-282202807004,SSEN-2822028070
SSEN-282202807005,SSEN-2822028070
SSEN-282202807006,SSEN-2822028070
SSEN-282202807007,SSEN-2822028070
SSEN-282202807008,SSEN-2822028070
