secondary_substation_unique_id,latitude,longitude
SSEN-1909002285,51.481414,-0.490267
SSEN-1909002285,51.481414,-0.490267
SSEN-1909002285,51.481414,-0.490267
SSEN-1909006260,51.456858,-0.488371
SSEN-1909006280,51.457003,-0.482191
SSEN-1909006280,51.457003,-0.482191
SSEN-1909006280,51.457003,-0.482191
SSEN-1909006280,51.457003,-0.482191
SSEN-1909006300,51.45844,-0.480675
SSEN-1909006300,51.45844,-0.480675
SSEN-1909006320,51.460156,-0.47843
SSEN-1909006320,51.460156,-0.47843
SSEN-1909006320,51.460156,-0.47843
SSEN-1909006340,51.458047,-0.477406
SSEN-1909006350,51.457051,-0.475776
SSEN-1909006360,51.45789,-0.476346
SSEN-1909006360,51.45789,-0.476346
SSEN-1909006360,51.45789,-0.476346
SSEN-1909006360,51.45789,-0.476346
SSEN-1909006360,51.45789,-0.476346
SSEN-1909006360,51.45789,-0.476346
SSEN-1909006360,51.45789,-0.476346
SSEN-1909006360,51.45789,-0.476346
SSEN-1909006360,51.45789,-0.476346
SSEN-1909006380,51.456565,-0.472691
SSEN-1909006380,51.456565,-0.472691
SSEN-1909006380,51.456565,-0.472691
SSEN-1909006380,51.456565,-0.472691
SSEN-1909006380,51.456565,-0.472691
SSEN-1909006380,51.456565,-0.472691
SSEN-2501005012,51.499505,-0.26703
SSEN-2501005012,51.499505,-0.26703
SSEN-2501006035,51.499068,-0.27402
SSEN-2501008042,51.498931,-0.251419
SSEN-2501008042,51.498931,-0.251419
SSEN-2501008042,51.498931,-0.251419
SSEN-2501008102,51.493164,-0.250027
SSEN-2501008102,51.493164,-0.250027
SSEN-2501008102,51.493164,-0.250027
SSEN-2501012060,51.499292,-0.26237
SSEN-2501012060,51.499292,-0.26237
SSEN-2501012060,51.499292,-0.26237
SSEN-2501012060,51.499292,-0.26237
SSEN-2501012060,51.499292,-0.26237
SSEN-2501015022,51.49932,-0.258176
SSEN-2501015022,51.49932,-0.258176
SSEN-2501015032,51.499549,-0.256093
SSEN-2501015032,51.499549,-0.256093
SSEN-2501015042,51.497723,-0.255428
SSEN-2501015042,51.497723,-0.255428
SSEN-2501015052,51.497003,-0.256622
SSEN-2501015052,51.497003,-0.256622
SSEN-2501015052,51.497003,-0.256622
SSEN-2501016055,51.49756,-0.272348
SSEN-2501016055,51.49756,-0.272348
SSEN-2501016065,51.495289,-0.270201
SSEN-2501016065,51.495289,-0.270201
SSEN-2501016095,51.497291,-0.268785
SSEN-2501016095,51.497291,-0.268785
SSEN-2501016095,51.497291,-0.268785
SSEN-2501016095,51.497291,-0.268785
SSEN-2501016125,51.495153,-0.267094
SSEN-2501016125,51.495153,-0.267094
SSEN-2501016125,51.495153,-0.267094
SSEN-2501016135,51.4962,-0.264893
SSEN-2501016135,51.4962,-0.264893
SSEN-2501016135,51.4962,-0.264893
SSEN-2501016135,51.4962,-0.264893
SSEN-2501016145,51.498171,-0.264991
SSEN-2501016145,51.498171,-0.264991
SSEN-2501016155,51.495734,-0.260733
SSEN-2501016155,51.495734,-0.260733
SSEN-2501016155,51.495734,-0.260733
SSEN-2501016165,51.497537,-0.260463
SSEN-2501016165,51.497537,-0.260463
SSEN-2501016165,51.497537,-0.260463
SSEN-2501016165,51.497537,-0.260463
SSEN-2501016165,51.497537,-0.260463
SSEN-2501017015,51.498706,-0.261095
SSEN-2501017035,51.494283,-0.254464
SSEN-2501017035,51.494283,-0.254464
SSEN-2501017035,51.494283,-0.254464
SSEN-2501017035,51.494283,-0.254464
SSEN-2501017075,51.494887,-0.25215
SSEN-2501017075,51.494887,-0.25215
SSEN-2501017085,51.492341,-0.25389
SSEN-2501017095,51.48949,-0.253884
SSEN-2501017095,51.48949,-0.253884
SSEN-2501017095,51.48949,-0.253884
SSEN-2501017095,51.48949,-0.253884
SSEN-2501017105,51.490266,-0.25106
SSEN-2501017105,51.490266,-0.25106
SSEN-2501017105,51.490266,-0.25106
SSEN-2501017115,51.487577,-0.253438
SSEN-2501017115,51.487577,-0.253438
SSEN-2501017115,51.487577,-0.253438
SSEN-2501017125,51.488517,-0.255606
SSEN-2501017125,51.488517,-0.255606
SSEN-2504601020,51.499613,-0.381638
SSEN-2504601020,51.499613,-0.381638
SSEN-2504601020,51.499613,-0.381638
SSEN-2504601040,51.49829,-0.382823
SSEN-2504601040,51.49829,-0.382823
SSEN-2504601040,51.49829,-0.382823
SSEN-2504601160,51.497562,-0.3855
SSEN-2504601160,51.497562,-0.3855
SSEN-2504601160,51.497562,-0.3855
SSEN-2504601180,51.496638,-0.383717
SSEN-2504601180,51.496638,-0.383717
SSEN-2504601180,51.496638,-0.383717
SSEN-2504601180,51.496638,-0.383717
SSEN-2504601220,51.495382,-0.387191
SSEN-2504601220,51.495382,-0.387191
SSEN-2504601230,51.495396,-0.384728
SSEN-2504601230,51.495396,-0.384728
SSEN-2504601260,51.498283,-0.376484
SSEN-2504601260,51.498283,-0.376484
SSEN-2504601260,51.498283,-0.376484
SSEN-2504606060,51.499357,-0.36832
SSEN-2504606060,51.499357,-0.36832
SSEN-2504606060,51.499357,-0.36832
SSEN-2504608160,51.499697,-0.371478
SSEN-2504608160,51.499697,-0.371478
SSEN-2504608160,51.499697,-0.371478
SSEN-2504608160,51.499697,-0.371478
SSEN-2508006040,51.492661,-0.318328
SSEN-2508006040,51.492661,-0.318328
SSEN-2508006060,51.49544,-0.324608
SSEN-2508006060,51.49544,-0.324608
SSEN-2508006060,51.49544,-0.324608
SSEN-2508023010,51.481456,-0.329628
SSEN-2508023010,51.481456,-0.329628
SSEN-2508023010,51.481456,-0.329628
SSEN-2508023010,51.481456,-0.329628
SSEN-2508023020,51.481198,-0.337575
SSEN-2508023020,51.481198,-0.337575
SSEN-2508023020,51.481198,-0.337575
SSEN-2508023030,51.481031,-0.339187
SSEN-2508023030,51.481031,-0.339187
SSEN-2508023030,51.481031,-0.339187
SSEN-2508023030,51.481031,-0.339187
SSEN-2508023040,51.482053,-0.335554
SSEN-2508023040,51.482053,-0.335554
SSEN-2508023040,51.482053,-0.335554
SSEN-2508023050,51.481141,-0.326428
SSEN-2508023050,51.481141,-0.326428
SSEN-2508023060,51.478473,-0.324769
SSEN-2508023060,51.478473,-0.324769
SSEN-2508023060,51.478473,-0.324769
SSEN-2508023070,51.476499,-0.328815
SSEN-2508023070,51.476499,-0.328815
SSEN-2508023070,51.476499,-0.328815
SSEN-2508023070,51.476499,-0.328815
SSEN-2508023070,51.476499,-0.328815
SSEN-2508023080,51.477293,-0.332833
SSEN-2508023080,51.477293,-0.332833
SSEN-2508023080,51.477293,-0.332833
SSEN-2508023080,51.477293,-0.332833
SSEN-2508023085,51.476014,-0.333674
SSEN-2508023085,51.476014,-0.333674
SSEN-2508023085,51.476014,-0.333674
SSEN-2508023085,51.476014,-0.333674
SSEN-2511002010,51.492264,-0.274661
SSEN-2511002053,51.49322,-0.27012
SSEN-2511002053,51.49322,-0.27012
SSEN-2511002055,51.493143,-0.270912
SSEN-2511002055,51.493143,-0.270912
SSEN-2511002055,51.493143,-0.270912
SSEN-2511002055,51.493143,-0.270912
SSEN-2511002080,51.492214,-0.272665
SSEN-2511002080,51.492214,-0.272665
SSEN-2511004020,51.488558,-0.272962
SSEN-2511004020,51.488558,-0.272962
SSEN-2511004020,51.488558,-0.272962
SSEN-2511004020,51.488558,-0.272962
SSEN-2511005020,51.487108,-0.266074
SSEN-2511005020,51.487108,-0.266074
SSEN-2511005020,51.487108,-0.266074
SSEN-2511005040,51.485069,-0.264437
SSEN-2511005120,51.481775,-0.254567
SSEN-2511005120,51.481775,-0.254567
SSEN-2511005120,51.481775,-0.254567
SSEN-2511005120,51.481775,-0.254567
SSEN-2511005140,51.480719,-0.25972
SSEN-2511005140,51.480719,-0.25972
SSEN-2511005200,51.47713,-0.259036
SSEN-2511005200,51.47713,-0.259036
SSEN-2511006020,51.487531,-0.272813
SSEN-2511006020,51.487531,-0.272813
SSEN-2511006020,51.487531,-0.272813
SSEN-2511006040,51.486462,-0.274741
SSEN-2511006040,51.486462,-0.274741
SSEN-2511006040,51.486462,-0.274741
SSEN-2511006060,51.485231,-0.271748
SSEN-2511006060,51.485231,-0.271748
SSEN-2511006060,51.485231,-0.271748
SSEN-2511006060,51.485231,-0.271748
SSEN-2511006080,51.484023,-0.274631
SSEN-2511006080,51.484023,-0.274631
SSEN-2511006080,51.484023,-0.274631
SSEN-2511006080,51.484023,-0.274631
SSEN-2511006080,51.484023,-0.274631
SSEN-2511006085,51.481369,-0.269633
SSEN-2511006085,51.481369,-0.269633
SSEN-2511006085,51.481369,-0.269633
SSEN-2511006085,51.481369,-0.269633
SSEN-2511006085,51.481369,-0.269633
SSEN-2511006090,51.480295,-0.267542
SSEN-2511006090,51.480295,-0.267542
SSEN-2511006120,51.482127,-0.264304
SSEN-2511006120,51.482127,-0.264304
SSEN-2511006120,51.482127,-0.264304
SSEN-2511006140,51.479196,-0.271702
SSEN-2511006160,51.477762,-0.272045
SSEN-2511006200,51.476991,-0.27036
SSEN-2511006210,51.47616,-0.269811
SSEN-2511009060,51.493334,-0.259614
SSEN-2511009060,51.493334,-0.259614
SSEN-2511009080,51.494323,-0.26387
SSEN-2511009120,51.492942,-0.265939
SSEN-2511009130,51.492786,-0.261465
SSEN-2511009180,51.49309,-0.257146
SSEN-2511009190,51.491964,-0.257578
SSEN-2511009190,51.491964,-0.257578
SSEN-2511009200,51.49125,-0.254321
SSEN-2511009200,51.49125,-0.254321
SSEN-2511010020,51.489423,-0.266994
SSEN-2511010020,51.489423,-0.266994
SSEN-2511010020,51.489423,-0.266994
SSEN-2511010020,51.489423,-0.266994
SSEN-2511010020,51.489423,-0.266994
SSEN-2511010020,51.489423,-0.266994
SSEN-2511010040,51.490056,-0.267777
SSEN-2511010040,51.490056,-0.267777
SSEN-2511010040,51.490056,-0.267777
SSEN-2511010060,51.488954,-0.260213
SSEN-2511010060,51.488954,-0.260213
SSEN-2511010060,51.488954,-0.260213
SSEN-2511010080,51.491025,-0.262799
SSEN-2511010080,51.491025,-0.262799
SSEN-2511010190,51.491988,-0.261049
SSEN-2511010190,51.491988,-0.261049
SSEN-2511010190,51.491988,-0.261049
SSEN-2511010190,51.491988,-0.261049
SSEN-2511010200,51.492803,-0.268586
SSEN-2511010200,51.492803,-0.268586
SSEN-2511011020,51.490402,-0.269348
SSEN-2511011020,51.490402,-0.269348
SSEN-2511011040,51.489955,-0.271296
SSEN-2511011040,51.489955,-0.271296
SSEN-2511011040,51.489955,-0.271296
SSEN-2511011060,51.49011,-0.274545
SSEN-2511011060,51.49011,-0.274545
SSEN-2511011080,51.489902,-0.27814
SSEN-2511011080,51.489902,-0.27814
SSEN-2511011100,51.491239,-0.277902
SSEN-2511011100,51.491239,-0.277902
SSEN-2511011105,51.494072,-0.277759
SSEN-2511011105,51.494072,-0.277759
SSEN-2511011120,51.488816,-0.281335
SSEN-2511011120,51.488816,-0.281335
SSEN-2511011120,51.488816,-0.281335
SSEN-2511011120,51.488816,-0.281335
SSEN-2511011140,51.486349,-0.279311
SSEN-2511011140,51.486349,-0.279311
SSEN-2511011140,51.486349,-0.279311
SSEN-2511011140,51.486349,-0.279311
SSEN-2511011140,51.486349,-0.279311
SSEN-2511011160,51.484506,-0.277493
SSEN-2511011160,51.484506,-0.277493
SSEN-2511011160,51.484506,-0.277493
SSEN-2511011160,51.484506,-0.277493
SSEN-2511012020,51.488036,-0.261329
SSEN-2511012040,51.490247,-0.256448
SSEN-2511012040,51.490247,-0.256448
SSEN-2511012040,51.490247,-0.256448
SSEN-2511012040,51.490247,-0.256448
SSEN-2511012040,51.490247,-0.256448
SSEN-2511012060,51.48511,-0.25565
SSEN-2511012060,51.48511,-0.25565
SSEN-2511012060,51.48511,-0.25565
SSEN-2511012060,51.48511,-0.25565
SSEN-2511012080,51.4839,-0.25234
SSEN-2511012080,51.4839,-0.25234
SSEN-2511012080,51.4839,-0.25234
SSEN-2511012100,51.485159,-0.250492
SSEN-2511012100,51.485159,-0.250492
SSEN-2511012100,51.485159,-0.250492
SSEN-2512002115,51.488024,-0.295837
SSEN-2512002120,51.487868,-0.294334
SSEN-2512002127,51.486486,-0.302279
SSEN-2512002127,51.486486,-0.302279
SSEN-2512002127,51.486486,-0.302279
SSEN-2512002127,51.486486,-0.302279
SSEN-2512002127,51.486486,-0.302279
SSEN-2512002150,51.481256,-0.31002
SSEN-2512002200,51.481671,-0.306318
SSEN-2512002200,51.481671,-0.306318
SSEN-2512002210,51.481874,-0.304208
SSEN-2512002210,51.481874,-0.304208
SSEN-2512002220,51.482355,-0.302029
SSEN-2512002220,51.482355,-0.302029
SSEN-2512002230,51.481203,-0.303815
SSEN-2512002230,51.481203,-0.303815
SSEN-2512003030,51.482702,-0.327422
SSEN-2512003030,51.482702,-0.327422
SSEN-2512003030,51.482702,-0.327422
SSEN-2512003050,51.477393,-0.324088
SSEN-2512003050,51.477393,-0.324088
SSEN-2512003070,51.481185,-0.323244
SSEN-2512003070,51.481185,-0.323244
SSEN-2512003070,51.481185,-0.323244
SSEN-2512003080,51.481776,-0.321796
SSEN-2512003080,51.481776,-0.321796
SSEN-2512003090,51.482778,-0.320161
SSEN-2512003090,51.482778,-0.320161
SSEN-2512003090,51.482778,-0.320161
SSEN-2512003100,51.481,-0.316554
SSEN-2512003100,51.481,-0.316554
SSEN-2512003120,51.481132,-0.314518
SSEN-2512003120,51.481132,-0.314518
SSEN-2512003120,51.481132,-0.314518
SSEN-2512003130,51.484147,-0.317215
SSEN-2512003130,51.484147,-0.317215
SSEN-2512003130,51.484147,-0.317215
SSEN-2512004020,51.489016,-0.309301
SSEN-2512004020,51.489016,-0.309301
SSEN-2512004020,51.489016,-0.309301
SSEN-2512004030,51.486075,-0.306788
SSEN-2512004030,51.486075,-0.306788
SSEN-2512004040,51.48607,-0.31147
SSEN-2512004040,51.48607,-0.31147
SSEN-2512004040,51.48607,-0.31147
SSEN-2512004050,51.483148,-0.309626
SSEN-2512004050,51.483148,-0.309626
SSEN-2512004060,51.482848,-0.310588
SSEN-2512004070,51.483926,-0.310743
SSEN-2512004220,51.48516,-0.311515
SSEN-2512004220,51.48516,-0.311515
SSEN-2512007035,51.486859,-0.308171
SSEN-2512007035,51.486859,-0.308171
SSEN-2512007035,51.486859,-0.308171
SSEN-2512007045,51.484184,-0.305375
SSEN-2512007085,51.484557,-0.302291
SSEN-2512007085,51.484557,-0.302291
SSEN-2512007085,51.484557,-0.302291
SSEN-2512007095,51.483592,-0.301547
SSEN-2512007115,51.485242,-0.302052
SSEN-2512007115,51.485242,-0.302052
SSEN-2512007125,51.484881,-0.300726
SSEN-2512007125,51.484881,-0.300726
SSEN-2512008010,51.491692,-0.304693
SSEN-2512008010,51.491692,-0.304693
SSEN-2512008040,51.494965,-0.301604
SSEN-2512008040,51.494965,-0.301604
SSEN-2512008040,51.494965,-0.301604
SSEN-2512008040,51.494965,-0.301604
SSEN-2512008060,51.493773,-0.308693
SSEN-2512008060,51.493773,-0.308693
SSEN-2512008070,51.495104,-0.311208
SSEN-2512008070,51.495104,-0.311208
SSEN-2512008070,51.495104,-0.311208
SSEN-2512008070,51.495104,-0.311208
SSEN-2512008070,51.495104,-0.311208
SSEN-2512008080,51.495735,-0.306301
SSEN-2512008080,51.495735,-0.306301
SSEN-2512008080,51.495735,-0.306301
SSEN-2512008090,51.498287,-0.308713
SSEN-2512008090,51.498287,-0.308713
SSEN-2512008090,51.498287,-0.308713
SSEN-2512008090,51.498287,-0.308713
SSEN-2512008100,51.497624,-0.312613
SSEN-2512008100,51.497624,-0.312613
SSEN-2512008100,51.497624,-0.312613
SSEN-2512008100,51.497624,-0.312613
SSEN-2512008100,51.497624,-0.312613
SSEN-2512008110,51.496474,-0.315162
SSEN-2512008110,51.496474,-0.315162
SSEN-2512008110,51.496474,-0.315162
SSEN-2512008130,51.499712,-0.31523
SSEN-2512008130,51.499712,-0.31523
SSEN-2512008130,51.499712,-0.31523
SSEN-2512008130,51.499712,-0.31523
SSEN-2512012010,51.490301,-0.304889
SSEN-2512012010,51.490301,-0.304889
SSEN-2512012020,51.488602,-0.301841
SSEN-2512012020,51.488602,-0.301841
SSEN-2512012040,51.486278,-0.299089
SSEN-2512012040,51.486278,-0.299089
SSEN-2512012040,51.486278,-0.299089
SSEN-2512012065,51.488831,-0.287037
SSEN-2512012080,51.489132,-0.291882
SSEN-2512012080,51.489132,-0.291882
SSEN-2512013010,51.490158,-0.309921
SSEN-2512013010,51.490158,-0.309921
SSEN-2512013050,51.487164,-0.313143
SSEN-2512013060,51.490501,-0.315671
SSEN-2512013060,51.490501,-0.315671
SSEN-2512013060,51.490501,-0.315671
SSEN-2512013070,51.492859,-0.315166
SSEN-2512013070,51.492859,-0.315166
SSEN-2512013080,51.494546,-0.31993
SSEN-2512013080,51.494546,-0.31993
SSEN-2512013080,51.494546,-0.31993
SSEN-2512013080,51.494546,-0.31993
SSEN-2512013090,51.496213,-0.324551
SSEN-2512013090,51.496213,-0.324551
SSEN-2512013100,51.498577,-0.326394
SSEN-2512013100,51.498577,-0.326394
SSEN-2512014020,51.491018,-0.299859
SSEN-2512014030,51.491019,-0.299886
SSEN-2512014060,51.488993,-0.297202
SSEN-2512014060,51.488993,-0.297202
SSEN-2512014060,51.488993,-0.297202
SSEN-2512014060,51.488993,-0.297202
SSEN-2512014070,51.489477,-0.293958
SSEN-2512014070,51.489477,-0.293958
SSEN-2512014120,51.487904,-0.299562
SSEN-2512014120,51.487904,-0.299562
SSEN-2512014120,51.487904,-0.299562
SSEN-2512014120,51.487904,-0.299562
SSEN-2512014130,51.487782,-0.297406
SSEN-2512014130,51.487782,-0.297406
SSEN-2512014130,51.487782,-0.297406
SSEN-2512014140,51.487923,-0.290962
SSEN-2512014140,51.487923,-0.290962
SSEN-2512014140,51.487923,-0.290962
SSEN-2512014150,51.487429,-0.292495
SSEN-2512014160,51.488187,-0.289343
SSEN-2512014190,51.488969,-0.286861
SSEN-2512014190,51.488969,-0.286861
SSEN-2512014190,51.488969,-0.286861
SSEN-2512014200,51.487835,-0.285564
SSEN-2512014200,51.487835,-0.285564
SSEN-2512014210,51.487257,-0.282935
SSEN-2512014210,51.487257,-0.282935
SSEN-2512014210,51.487257,-0.282935
SSEN-2521008120,51.499364,-0.442879
SSEN-2521008120,51.499364,-0.442879
SSEN-2521008140,51.499176,-0.43486
SSEN-2521008140,51.499176,-0.43486
SSEN-2521008140,51.499176,-0.43486
SSEN-2521008140,51.499176,-0.43486
SSEN-2521021040,51.4992,-0.424587
SSEN-2521021040,51.4992,-0.424587
SSEN-2521021040,51.4992,-0.424587
SSEN-2526005100,51.497569,-0.305051
SSEN-2526005100,51.497569,-0.305051
SSEN-2526005100,51.497569,-0.305051
SSEN-2526005100,51.497569,-0.305051
SSEN-2526007060,51.499945,-0.301433
SSEN-2526007060,51.499945,-0.301433
SSEN-2526007060,51.499945,-0.301433
SSEN-2526008030,51.499069,-0.321175
SSEN-2526008030,51.499069,-0.321175
SSEN-2526008030,51.499069,-0.321175
SSEN-2526008030,51.499069,-0.321175
SSEN-2526008030,51.499069,-0.321175
SSEN-2526008030,51.499069,-0.321175
SSEN-2526009040,51.496316,-0.297362
SSEN-2526009040,51.496316,-0.297362
SSEN-2526009040,51.496316,-0.297362
SSEN-2526009060,51.496402,-0.299563
SSEN-2526009060,51.496402,-0.299563
SSEN-2526009080,51.494833,-0.298022
SSEN-2526009080,51.494833,-0.298022
SSEN-2526009080,51.494833,-0.298022
SSEN-2526009120,51.492323,-0.300478
SSEN-2526009120,51.492323,-0.300478
SSEN-2526009240,51.492348,-0.280569
SSEN-2526010010,51.491092,-0.306747
SSEN-2526010010,51.491092,-0.306747
SSEN-2526010010,51.491092,-0.306747
SSEN-2526010030,51.492814,-0.312042
SSEN-2526010030,51.492814,-0.312042
SSEN-2526010030,51.492814,-0.312042
SSEN-2526010030,51.492814,-0.312042
SSEN-2526010030,51.492814,-0.312042
SSEN-2526010040,51.4913,-0.312823
SSEN-2526010040,51.4913,-0.312823
SSEN-2526010040,51.4913,-0.312823
SSEN-2526017010,51.498054,-0.28276
SSEN-2526017010,51.498054,-0.28276
SSEN-2526017010,51.498054,-0.28276
SSEN-2526017020,51.496304,-0.28114
SSEN-2526017020,51.496304,-0.28114
SSEN-2528001360,51.497374,-0.364818
SSEN-2528001360,51.497374,-0.364818
SSEN-2528001360,51.497374,-0.364818
SSEN-2528001380,51.495881,-0.363518
SSEN-2528001380,51.495881,-0.363518
SSEN-2528001400,51.494502,-0.365829
SSEN-2528001420,51.493216,-0.36841
SSEN-2528001440,51.495517,-0.371541
SSEN-2528001440,51.495517,-0.371541
SSEN-2528001440,51.495517,-0.371541
SSEN-2528012030,51.486589,-0.33392
SSEN-2528012030,51.486589,-0.33392
SSEN-2528012040,51.487322,-0.340548
SSEN-2528012040,51.487322,-0.340548
SSEN-2528012050,51.483249,-0.336836
SSEN-2528012050,51.483249,-0.336836
SSEN-2528012050,51.483249,-0.336836
SSEN-2528012050,51.483249,-0.336836
SSEN-2528012050,51.483249,-0.336836
SSEN-2528012060,51.48337,-0.341584
SSEN-2528012060,51.48337,-0.341584
SSEN-2528012070,51.483436,-0.348754
SSEN-2528012070,51.483436,-0.348754
SSEN-2528012070,51.483436,-0.348754
SSEN-2528012070,51.483436,-0.348754
SSEN-2528012070,51.483436,-0.348754
SSEN-2529001020,51.496592,-0.431261
SSEN-2529001020,51.496592,-0.431261
SSEN-2529001020,51.496592,-0.431261
SSEN-2529001020,51.496592,-0.431261
SSEN-2529001040,51.496928,-0.426855
SSEN-2529001040,51.496928,-0.426855
SSEN-2529001040,51.496928,-0.426855
SSEN-2529001040,51.496928,-0.426855
SSEN-2529001040,51.496928,-0.426855
SSEN-2529001120,51.496125,-0.423296
SSEN-2529001140,51.495221,-0.425603
SSEN-2529001140,51.495221,-0.425603
SSEN-2529001140,51.495221,-0.425603
SSEN-2529001140,51.495221,-0.425603
SSEN-2529001160,51.494311,-0.426153
SSEN-2529001160,51.494311,-0.426153
SSEN-2529001180,51.494758,-0.422637
SSEN-2529001180,51.494758,-0.422637
SSEN-2529001180,51.494758,-0.422637
SSEN-2529001180,51.494758,-0.422637
SSEN-2529001180,51.494758,-0.422637
SSEN-2529001300,51.49324,-0.433422
SSEN-2529001300,51.49324,-0.433422
SSEN-2529001340,51.490267,-0.435727
SSEN-2529001340,51.490267,-0.435727
SSEN-2529001400,51.489197,-0.434424
SSEN-2529001400,51.489197,-0.434424
SSEN-2529001400,51.489197,-0.434424
SSEN-2529001400,51.489197,-0.434424
SSEN-2529001420,51.487045,-0.434858
SSEN-2529001420,51.487045,-0.434858
SSEN-2529001420,51.487045,-0.434858
SSEN-2529001440,51.48582,-0.436758
SSEN-2529001440,51.48582,-0.436758
SSEN-2529001440,51.48582,-0.436758
SSEN-2529001440,51.48582,-0.436758
SSEN-2529001440,51.48582,-0.436758
SSEN-2529001460,51.484233,-0.434407
SSEN-2529001460,51.484233,-0.434407
SSEN-2529001460,51.484233,-0.434407
SSEN-2529001470,51.481522,-0.433223
SSEN-2529001500,51.481713,-0.433543
SSEN-2529002160,51.485543,-0.401566
SSEN-2529002160,51.485543,-0.401566
SSEN-2529002290,51.485703,-0.396159
SSEN-2529002290,51.485703,-0.396159
SSEN-2529002290,51.485703,-0.396159
SSEN-2529002300,51.483906,-0.393572
SSEN-2529002300,51.483906,-0.393572
SSEN-2529002300,51.483906,-0.393572
SSEN-2529002300,51.483906,-0.393572
SSEN-2529002310,51.482942,-0.389559
SSEN-2529002310,51.482942,-0.389559
SSEN-2529002320,51.486532,-0.389001
SSEN-2529002320,51.486532,-0.389001
SSEN-2529002320,51.486532,-0.389001
SSEN-2529002330,51.486507,-0.390485
SSEN-2529002330,51.486507,-0.390485
SSEN-2529002340,51.481599,-0.395871
SSEN-2529002340,51.481599,-0.395871
SSEN-2529002340,51.481599,-0.395871
SSEN-2529002340,51.481599,-0.395871
SSEN-2529002350,51.480575,-0.393344
SSEN-2529002350,51.480575,-0.393344
SSEN-2529002350,51.480575,-0.393344
SSEN-2529002350,51.480575,-0.393344
SSEN-2529002360,51.479701,-0.392554
SSEN-2529002360,51.479701,-0.392554
SSEN-2529002360,51.479701,-0.392554
SSEN-2529002360,51.479701,-0.392554
SSEN-2529002370,51.479479,-0.386196
SSEN-2529002370,51.479479,-0.386196
SSEN-2529002370,51.479479,-0.386196
SSEN-2529002370,51.479479,-0.386196
SSEN-2529002380,51.480728,-0.389421
SSEN-2529002380,51.480728,-0.389421
SSEN-2529002380,51.480728,-0.389421
SSEN-2529004080,51.497903,-0.39661
SSEN-2529004080,51.497903,-0.39661
SSEN-2529004080,51.497903,-0.39661
SSEN-2529004080,51.497903,-0.39661
SSEN-2529004080,51.497903,-0.39661
SSEN-2529004140,51.496677,-0.393095
SSEN-2529004140,51.496677,-0.393095
SSEN-2529004160,51.498921,-0.392785
SSEN-2529004160,51.498921,-0.392785
SSEN-2529004160,51.498921,-0.392785
SSEN-2529004160,51.498921,-0.392785
SSEN-2529004160,51.498921,-0.392785
SSEN-2529004200,51.498054,-0.391202
SSEN-2529004220,51.49947,-0.384928
SSEN-2529004220,51.49947,-0.384928
SSEN-2529009040,51.483732,-0.437305
SSEN-2529009040,51.483732,-0.437305
SSEN-2529009040,51.483732,-0.437305
SSEN-2529009060,51.489806,-0.379983
SSEN-2529009060,51.489806,-0.379983
SSEN-2529009060,51.489806,-0.379983
SSEN-2529009060,51.489806,-0.379983
SSEN-2529009100,51.488072,-0.380693
SSEN-2529009100,51.488072,-0.380693
SSEN-2529009120,51.488552,-0.377709
SSEN-2529009160,51.486253,-0.383796
SSEN-2529009160,51.486253,-0.383796
SSEN-2529009160,51.486253,-0.383796
SSEN-2529009160,51.486253,-0.383796
SSEN-2529009180,51.483582,-0.380535
SSEN-2529009180,51.483582,-0.380535
SSEN-2529009180,51.483582,-0.380535
SSEN-2529009180,51.483582,-0.380535
SSEN-2529009200,51.484284,-0.377327
SSEN-2529009200,51.484284,-0.377327
SSEN-2529009240,51.4853,-0.377291
SSEN-2529009240,51.4853,-0.377291
SSEN-2529009240,51.4853,-0.377291
SSEN-2529009250,51.487727,-0.375894
SSEN-2529009250,51.487727,-0.375894
SSEN-2529009260,51.483882,-0.372286
SSEN-2529009260,51.483882,-0.372286
SSEN-2529009270,51.483835,-0.370243
SSEN-2529009270,51.483835,-0.370243
SSEN-2529009270,51.483835,-0.370243
SSEN-2529009290,51.488987,-0.372105
SSEN-2529009300,51.486686,-0.368931
SSEN-2529009300,51.486686,-0.368931
SSEN-2529009300,51.486686,-0.368931
SSEN-2529009310,51.485788,-0.367739
SSEN-2529009310,51.485788,-0.367739
SSEN-2529009310,51.485788,-0.367739
SSEN-2529009310,51.485788,-0.367739
SSEN-2529009320,51.487616,-0.367904
SSEN-2529009330,51.488656,-0.368357
SSEN-2529009330,51.488656,-0.368357
SSEN-2529009330,51.488656,-0.368357
SSEN-2529009340,51.488083,-0.369803
SSEN-2529011180,51.486733,-0.404362
SSEN-2529011180,51.486733,-0.404362
SSEN-2529011180,51.486733,-0.404362
SSEN-2529011180,51.486733,-0.404362
SSEN-2529011200,51.480733,-0.411542
SSEN-2529011200,51.480733,-0.411542
SSEN-2529011300,51.482758,-0.409642
SSEN-2529011300,51.482758,-0.409642
SSEN-2529011300,51.482758,-0.409642
SSEN-2529012020,51.495997,-0.416457
SSEN-2529012020,51.495997,-0.416457
SSEN-2529012020,51.495997,-0.416457
SSEN-2529012020,51.495997,-0.416457
SSEN-2529012020,51.495997,-0.416457
SSEN-2529012020,51.495997,-0.416457
SSEN-2529012040,51.497532,-0.421619
SSEN-2529012040,51.497532,-0.421619
SSEN-2529012040,51.497532,-0.421619
SSEN-2529012040,51.497532,-0.421619
SSEN-2529012040,51.497532,-0.421619
SSEN-2529012060,51.496173,-0.413483
SSEN-2529012060,51.496173,-0.413483
SSEN-2529012060,51.496173,-0.413483
SSEN-2529012060,51.496173,-0.413483
SSEN-2529012120,51.495006,-0.420338
SSEN-2529012120,51.495006,-0.420338
SSEN-2529012130,51.499144,-0.418437
SSEN-2529012130,51.499144,-0.418437
SSEN-2529012130,51.499144,-0.418437
SSEN-2529012130,51.499144,-0.418437
SSEN-2529013020,51.499191,-0.412557
SSEN-2529013020,51.499191,-0.412557
SSEN-2529015020,51.495683,-0.395363
SSEN-2529015020,51.495683,-0.395363
SSEN-2529015020,51.495683,-0.395363
SSEN-2529015040,51.495205,-0.393276
SSEN-2529015040,51.495205,-0.393276
SSEN-2529015040,51.495205,-0.393276
SSEN-2529015040,51.495205,-0.393276
SSEN-2529015060,51.49351,-0.389028
SSEN-2529015060,51.49351,-0.389028
SSEN-2529015080,51.491856,-0.38779
SSEN-2529015080,51.491856,-0.38779
SSEN-2529015080,51.491856,-0.38779
SSEN-2529015100,51.493242,-0.383938
SSEN-2529015100,51.493242,-0.383938
SSEN-2529015120,51.495479,-0.379177
SSEN-2529015120,51.495479,-0.379177
SSEN-2529015140,51.494253,-0.37572
SSEN-2529015140,51.494253,-0.37572
SSEN-2529015140,51.494253,-0.37572
SSEN-2529015140,51.494253,-0.37572
SSEN-2529015140,51.494253,-0.37572
SSEN-2529015240,51.495122,-0.380069
SSEN-2529015240,51.495122,-0.380069
SSEN-2529015240,51.495122,-0.380069
SSEN-2529015240,51.495122,-0.380069
SSEN-2529015240,51.495122,-0.380069
SSEN-2529015260,51.495051,-0.382102
SSEN-2529015260,51.495051,-0.382102
SSEN-2529015260,51.495051,-0.382102
SSEN-2529015280,51.492874,-0.378751
SSEN-2529015280,51.492874,-0.378751
SSEN-2529015300,51.490875,-0.385102
SSEN-2529015300,51.490875,-0.385102
SSEN-2529015300,51.490875,-0.385102
SSEN-2529015320,51.49121,-0.378709
SSEN-2529015320,51.49121,-0.378709
SSEN-2529015320,51.49121,-0.378709
SSEN-2529015320,51.49121,-0.378709
SSEN-2529015340,51.490478,-0.373305
SSEN-2529015340,51.490478,-0.373305
SSEN-2529015340,51.490478,-0.373305
SSEN-2529015340,51.490478,-0.373305
SSEN-2529015340,51.490478,-0.373305
SSEN-2529017030,51.499886,-0.398904
SSEN-2529017030,51.499886,-0.398904
SSEN-2529017030,51.499886,-0.398904
SSEN-2529017030,51.499886,-0.398904
SSEN-2529017030,51.499886,-0.398904
SSEN-2529017190,51.497136,-0.375488
SSEN-2529017190,51.497136,-0.375488
SSEN-2529017200,51.49768,-0.373869
SSEN-2529017200,51.49768,-0.373869
SSEN-2529017210,51.496785,-0.372864
SSEN-2803001020,51.417773,-0.417176
SSEN-2803001020,51.417773,-0.417176
SSEN-2803001020,51.417773,-0.417176
SSEN-2803001020,51.417773,-0.417176
SSEN-2803001040,51.417909,-0.41326
SSEN-2803001040,51.417909,-0.41326
SSEN-2803001040,51.417909,-0.41326
SSEN-2803001060,51.418338,-0.408384
SSEN-2803001080,51.416446,-0.4075
SSEN-2803001080,51.416446,-0.4075
SSEN-2803001080,51.416446,-0.4075
SSEN-2803001090,51.413269,-0.404001
SSEN-2803001090,51.413269,-0.404001
SSEN-2803001090,51.413269,-0.404001
SSEN-2803001090,51.413269,-0.404001
SSEN-2803001100,51.41258,-0.399625
SSEN-2803001100,51.41258,-0.399625
SSEN-2803001100,51.41258,-0.399625
SSEN-2803001100,51.41258,-0.399625
SSEN-2803001100,51.41258,-0.399625
SSEN-2803001120,51.41294,-0.395025
SSEN-2803001120,51.41294,-0.395025
SSEN-2803001120,51.41294,-0.395025
SSEN-2803001140,51.41327,-0.390887
SSEN-2803001140,51.41327,-0.390887
SSEN-2803001160,51.410013,-0.401297
SSEN-2803001160,51.410013,-0.401297
SSEN-2803001160,51.410013,-0.401297
SSEN-2803001160,51.410013,-0.401297
SSEN-2803001180,51.406898,-0.405704
SSEN-2803001180,51.406898,-0.405704
SSEN-2803001280,51.408243,-0.402077
SSEN-2803001280,51.408243,-0.402077
SSEN-2803001280,51.408243,-0.402077
SSEN-2803001280,51.408243,-0.402077
SSEN-2803001280,51.408243,-0.402077
SSEN-2803001300,51.410391,-0.388169
SSEN-2803001320,51.410028,-0.394509
SSEN-2803001320,51.410028,-0.394509
SSEN-2803001320,51.410028,-0.394509
SSEN-2803001320,51.410028,-0.394509
SSEN-2803002040,51.422351,-0.416529
SSEN-2803002040,51.422351,-0.416529
SSEN-2803002040,51.422351,-0.416529
SSEN-2803002080,51.426341,-0.411673
SSEN-2803002080,51.426341,-0.411673
SSEN-2803002080,51.426341,-0.411673
SSEN-2803002140,51.428837,-0.393619
SSEN-2803002140,51.428837,-0.393619
SSEN-2803002160,51.427948,-0.388486
SSEN-2803002180,51.428374,-0.391305
SSEN-2803002180,51.428374,-0.391305
SSEN-2803002180,51.428374,-0.391305
SSEN-2803002180,51.428374,-0.391305
SSEN-2803002180,51.428374,-0.391305
SSEN-2803002200,51.430031,-0.392153
SSEN-2803002200,51.430031,-0.392153
SSEN-2803002200,51.430031,-0.392153
SSEN-2803002200,51.430031,-0.392153
SSEN-2803002220,51.431045,-0.388694
SSEN-2803002220,51.431045,-0.388694
SSEN-2803002220,51.431045,-0.388694
SSEN-2803002220,51.431045,-0.388694
SSEN-2803002240,51.42946,-0.387887
SSEN-2803002240,51.42946,-0.387887
SSEN-2803002260,51.433299,-0.38591
SSEN-2803002260,51.433299,-0.38591
SSEN-2803002260,51.433299,-0.38591
SSEN-2803002260,51.433299,-0.38591
SSEN-2803002260,51.433299,-0.38591
SSEN-2803002280,51.431892,-0.3856
SSEN-2803002280,51.431892,-0.3856
SSEN-2803002280,51.431892,-0.3856
SSEN-2803004020,51.416868,-0.418746
SSEN-2803004020,51.416868,-0.418746
SSEN-2803004020,51.416868,-0.418746
SSEN-2803004060,51.411615,-0.421976
SSEN-2803004060,51.411615,-0.421976
SSEN-2803004060,51.411615,-0.421976
SSEN-2803004060,51.411615,-0.421976
SSEN-2803004080,51.414439,-0.424036
SSEN-2803004080,51.414439,-0.424036
SSEN-2803004080,51.414439,-0.424036
SSEN-2803004100,51.41287,-0.425025
SSEN-2803004100,51.41287,-0.425025
SSEN-2803004100,51.41287,-0.425025
SSEN-2803004120,51.410885,-0.427178
SSEN-2803004120,51.410885,-0.427178
SSEN-2803004120,51.410885,-0.427178
SSEN-2803004120,51.410885,-0.427178
SSEN-2803005020,51.418511,-0.418517
SSEN-2803005060,51.421008,-0.424328
SSEN-2803005060,51.421008,-0.424328
SSEN-2803005100,51.420637,-0.42621
SSEN-2803005100,51.420637,-0.42621
SSEN-2803005120,51.419177,-0.427914
SSEN-2803005120,51.419177,-0.427914
SSEN-2803005120,51.419177,-0.427914
SSEN-2803005140,51.420977,-0.430053
SSEN-2803005140,51.420977,-0.430053
SSEN-2803005140,51.420977,-0.430053
SSEN-2803005160,51.421594,-0.432491
SSEN-2803005160,51.421594,-0.432491
SSEN-2803005160,51.421594,-0.432491
SSEN-2803005160,51.421594,-0.432491
SSEN-2803005180,51.42237,-0.440117
SSEN-2803005180,51.42237,-0.440117
SSEN-2803005180,51.42237,-0.440117
SSEN-2803005200,51.42368,-0.441985
SSEN-2803005200,51.42368,-0.441985
SSEN-2803005200,51.42368,-0.441985
SSEN-2803005220,51.422032,-0.437697
SSEN-2803005220,51.422032,-0.437697
SSEN-2803005220,51.422032,-0.437697
SSEN-2803005220,51.422032,-0.437697
SSEN-2803005240,51.42489,-0.436248
SSEN-2803005240,51.42489,-0.436248
SSEN-2803005240,51.42489,-0.436248
SSEN-2803005260,51.420879,-0.442282
SSEN-2803005260,51.420879,-0.442282
SSEN-2803005260,51.420879,-0.442282
SSEN-2803005260,51.420879,-0.442282
SSEN-2803005260,51.420879,-0.442282
SSEN-2803005260,51.420879,-0.442282
SSEN-2803005280,51.41685,-0.442994
SSEN-2803005280,51.41685,-0.442994
SSEN-2803005420,51.413103,-0.444559
SSEN-2803005440,51.411286,-0.444477
SSEN-2803005440,51.411286,-0.444477
SSEN-2803005440,51.411286,-0.444477
SSEN-2803005460,51.411434,-0.442775
SSEN-2803005460,51.411434,-0.442775
SSEN-2803005460,51.411434,-0.442775
SSEN-2803005480,51.40897,-0.444786
SSEN-2803005480,51.40897,-0.444786
SSEN-2803005560,51.402394,-0.435175
SSEN-2803005560,51.402394,-0.435175
SSEN-2803006020,51.418853,-0.420533
SSEN-2803006020,51.418853,-0.420533
SSEN-2803006020,51.418853,-0.420533
SSEN-2803006025,51.417913,-0.43159
SSEN-2803006025,51.417913,-0.43159
SSEN-2803006030,51.418268,-0.432949
SSEN-2803006030,51.418268,-0.432949
SSEN-2803006040,51.417484,-0.4314
SSEN-2803006040,51.417484,-0.4314
SSEN-2803006070,51.416521,-0.43173
SSEN-2803006150,51.414813,-0.431817
SSEN-2803006150,51.414813,-0.431817
SSEN-2803006160,51.411698,-0.430817
SSEN-2803006160,51.411698,-0.430817
SSEN-2803006170,51.409847,-0.432332
SSEN-2803006170,51.409847,-0.432332
SSEN-2803006170,51.409847,-0.432332
SSEN-2803006180,51.406297,-0.431778
SSEN-2803006200,51.404085,-0.435132
SSEN-2803006200,51.404085,-0.435132
SSEN-2803006200,51.404085,-0.435132
SSEN-2803006200,51.404085,-0.435132
SSEN-2803006210,51.402933,-0.433101
SSEN-2803006210,51.402933,-0.433101
SSEN-2803006220,51.400208,-0.427041
SSEN-2803006230,51.399448,-0.432027
SSEN-2803006230,51.399448,-0.432027
SSEN-2803006240,51.402148,-0.430828
SSEN-2803006240,51.402148,-0.430828
SSEN-2803006240,51.402148,-0.430828
SSEN-2803006240,51.402148,-0.430828
SSEN-2803006260,51.404704,-0.415644
SSEN-2803006260,51.404704,-0.415644
SSEN-2803006260,51.404704,-0.415644
SSEN-2803006270,51.403715,-0.412975
SSEN-2803006270,51.403715,-0.412975
SSEN-2803006270,51.403715,-0.412975
SSEN-2803006280,51.400204,-0.418028
SSEN-2803006280,51.400204,-0.418028
SSEN-2803006280,51.400204,-0.418028
SSEN-2803006290,51.394808,-0.420011
SSEN-2803006320,51.400872,-0.422864
SSEN-2803006340,51.403495,-0.418043
SSEN-2803006340,51.403495,-0.418043
SSEN-2803007020,51.418683,-0.41132
SSEN-2803007020,51.418683,-0.41132
SSEN-2803007020,51.418683,-0.41132
SSEN-2803007035,51.416091,-0.413485
SSEN-2803007035,51.416091,-0.413485
SSEN-2803007040,51.415921,-0.410539
SSEN-2803007080,51.414621,-0.411518
SSEN-2803007080,51.414621,-0.411518
SSEN-2803008040,51.420061,-0.422102
SSEN-2803008060,51.424307,-0.432988
SSEN-2803008060,51.424307,-0.432988
SSEN-2803008060,51.424307,-0.432988
SSEN-2803008280,51.421843,-0.42824
SSEN-2803008280,51.421843,-0.42824
SSEN-2803008300,51.423552,-0.425578
SSEN-2803008300,51.423552,-0.425578
SSEN-2803008300,51.423552,-0.425578
SSEN-2803008320,51.423907,-0.430629
SSEN-2803008320,51.423907,-0.430629
SSEN-2803008340,51.424973,-0.42632
SSEN-2803008340,51.424973,-0.42632
SSEN-2803008360,51.425552,-0.423208
SSEN-2803008360,51.425552,-0.423208
SSEN-2803008360,51.425552,-0.423208
SSEN-2803008360,51.425552,-0.423208
SSEN-2803008360,51.425552,-0.423208
SSEN-2803008380,51.42391,-0.422833
SSEN-2803008380,51.42391,-0.422833
SSEN-2803008380,51.42391,-0.422833
SSEN-2803008380,51.42391,-0.422833
SSEN-2803008400,51.425391,-0.417948
SSEN-2803008400,51.425391,-0.417948
SSEN-2803008400,51.425391,-0.417948
SSEN-2803008400,51.425391,-0.417948
SSEN-2803008400,51.425391,-0.417948
SSEN-2803008420,51.42768,-0.415597
SSEN-2803008420,51.42768,-0.415597
SSEN-2803010040,51.425542,-0.435247
SSEN-2803010040,51.425542,-0.435247
SSEN-2803010060,51.425262,-0.437817
SSEN-2803010060,51.425262,-0.437817
SSEN-2803010080,51.42489,-0.442303
SSEN-2803010080,51.42489,-0.442303
SSEN-2803010080,51.42489,-0.442303
SSEN-2803010080,51.42489,-0.442303
SSEN-2803010080,51.42489,-0.442303
SSEN-2803010090,51.42918,-0.438302
SSEN-2803010090,51.42918,-0.438302
SSEN-2803010090,51.42918,-0.438302
SSEN-2803010090,51.42918,-0.438302
SSEN-2803010100,51.427697,-0.426917
SSEN-2803010120,51.432061,-0.423746
SSEN-2803010120,51.432061,-0.423746
SSEN-2803010120,51.432061,-0.423746
SSEN-2803010120,51.432061,-0.423746
SSEN-2803010140,51.437978,-0.419801
SSEN-2803010140,51.437978,-0.419801
SSEN-2803010150,51.439469,-0.420987
SSEN-2803010150,51.439469,-0.420987
SSEN-2803010150,51.439469,-0.420987
SSEN-2803012020,51.419336,-0.415636
SSEN-2803012060,51.421195,-0.412858
SSEN-2803012120,51.432302,-0.402389
SSEN-2803012120,51.432302,-0.402389
SSEN-2803012120,51.432302,-0.402389
SSEN-2803012120,51.432302,-0.402389
SSEN-2803012120,51.432302,-0.402389
SSEN-2803012140,51.435231,-0.402157
SSEN-2803012140,51.435231,-0.402157
SSEN-2803012140,51.435231,-0.402157
SSEN-2803012140,51.435231,-0.402157
SSEN-2803012140,51.435231,-0.402157
SSEN-2803012140,51.435231,-0.402157
SSEN-2803012160,51.437005,-0.402383
SSEN-2803012160,51.437005,-0.402383
SSEN-2803012160,51.437005,-0.402383
SSEN-2803012180,51.437858,-0.404957
SSEN-2803012180,51.437858,-0.404957
SSEN-2803012180,51.437858,-0.404957
SSEN-2803012200,51.436013,-0.408777
SSEN-2803012200,51.436013,-0.408777
SSEN-2803012200,51.436013,-0.408777
SSEN-2803012380,51.439878,-0.407333
SSEN-2803012380,51.439878,-0.407333
SSEN-2803012380,51.439878,-0.407333
SSEN-2803012400,51.44018,-0.409078
SSEN-2803012420,51.439908,-0.412181
SSEN-2803012420,51.439908,-0.412181
SSEN-2803012440,51.436571,-0.411505
SSEN-2803012440,51.436571,-0.411505
SSEN-2803012440,51.436571,-0.411505
SSEN-2803012440,51.436571,-0.411505
SSEN-2803012440,51.436571,-0.411505
SSEN-2803016020,51.414217,-0.418881
SSEN-2803016020,51.414217,-0.418881
SSEN-2803016020,51.414217,-0.418881
SSEN-2803016020,51.414217,-0.418881
SSEN-2803016040,51.411813,-0.417296
SSEN-2803016040,51.411813,-0.417296
SSEN-2803016040,51.411813,-0.417296
SSEN-2803016043,51.410989,-0.412234
SSEN-2803016043,51.410989,-0.412234
SSEN-2803016043,51.410989,-0.412234
SSEN-2803016043,51.410989,-0.412234
SSEN-2803016043,51.410989,-0.412234
SSEN-2803016046,51.413328,-0.407681
SSEN-2803016046,51.413328,-0.407681
SSEN-2803016046,51.413328,-0.407681
SSEN-2803016046,51.413328,-0.407681
SSEN-2803016046,51.413328,-0.407681
SSEN-2803016046,51.413328,-0.407681
SSEN-2803016049,51.411245,-0.407264
SSEN-2803016049,51.411245,-0.407264
SSEN-2803016049,51.411245,-0.407264
SSEN-2803016060,51.409045,-0.413437
SSEN-2803016060,51.409045,-0.413437
SSEN-2803016080,51.407236,-0.415369
SSEN-2803016080,51.407236,-0.415369
SSEN-2803016100,51.40564,-0.413067
SSEN-2803016120,51.405614,-0.407834
SSEN-2803016140,51.407744,-0.405689
SSEN-2803016140,51.407744,-0.405689
SSEN-2803016140,51.407744,-0.405689
SSEN-2803016140,51.407744,-0.405689
SSEN-2803018100,51.431849,-0.393571
SSEN-2803018100,51.431849,-0.393571
SSEN-2803018100,51.431849,-0.393571
SSEN-2803018120,51.434001,-0.392489
SSEN-2803018120,51.434001,-0.392489
SSEN-2803018120,51.434001,-0.392489
SSEN-2803018120,51.434001,-0.392489
SSEN-2803018140,51.43335,-0.388253
SSEN-2803018140,51.43335,-0.388253
SSEN-2803018140,51.43335,-0.388253
SSEN-2803020020,51.419197,-0.421413
SSEN-2803020020,51.419197,-0.421413
SSEN-2803020060,51.419563,-0.424536
SSEN-2803020060,51.419563,-0.424536
SSEN-2803020080,51.419147,-0.425068
SSEN-2803022020,51.420228,-0.418501
SSEN-2803022020,51.420228,-0.418501
SSEN-2803022040,51.422545,-0.420276
SSEN-2803022040,51.422545,-0.420276
SSEN-2803022040,51.422545,-0.420276
SSEN-2803022040,51.422545,-0.420276
SSEN-2803022040,51.422545,-0.420276
SSEN-2803022080,51.428589,-0.42306
SSEN-2803022080,51.428589,-0.42306
SSEN-2803022080,51.428589,-0.42306
SSEN-2803022080,51.428589,-0.42306
SSEN-2803022120,51.432281,-0.418718
SSEN-2803022120,51.432281,-0.418718
SSEN-2803022120,51.432281,-0.418718
SSEN-2803022120,51.432281,-0.418718
SSEN-2803022120,51.432281,-0.418718
SSEN-2803022130,51.435606,-0.417941
SSEN-2803022130,51.435606,-0.417941
SSEN-2803022130,51.435606,-0.417941
SSEN-2803022140,51.435054,-0.421629
SSEN-2803022140,51.435054,-0.421629
SSEN-2803022140,51.435054,-0.421629
SSEN-2803022140,51.435054,-0.421629
SSEN-2803022160,51.439127,-0.41697
SSEN-2803022160,51.439127,-0.41697
SSEN-2803022170,51.438465,-0.414533
SSEN-2803022170,51.438465,-0.414533
SSEN-2803022170,51.438465,-0.414533
SSEN-2803022170,51.438465,-0.414533
SSEN-2803022180,51.441516,-0.41342
SSEN-2803022180,51.441516,-0.41342
SSEN-2804601040,51.434881,-0.381955
SSEN-2804601040,51.434881,-0.381955
SSEN-2804601040,51.434881,-0.381955
SSEN-2804601060,51.435305,-0.378099
SSEN-2804601060,51.435305,-0.378099
SSEN-2804603040,51.436203,-0.379981
SSEN-2804603040,51.436203,-0.379981
SSEN-2804604020,51.439252,-0.378046
SSEN-2804604020,51.439252,-0.378046
SSEN-2804604020,51.439252,-0.378046
SSEN-2804604040,51.439898,-0.374713
SSEN-2804604040,51.439898,-0.374713
SSEN-2804604040,51.439898,-0.374713
SSEN-2804604060,51.4409,-0.374376
SSEN-2804604060,51.4409,-0.374376
SSEN-2804604060,51.4409,-0.374376
SSEN-2804604080,51.441844,-0.376975
SSEN-2804604080,51.441844,-0.376975
SSEN-2804604080,51.441844,-0.376975
SSEN-2804604080,51.441844,-0.376975
SSEN-2804604100,51.439709,-0.381238
SSEN-2804604100,51.439709,-0.381238
SSEN-2804604100,51.439709,-0.381238
SSEN-2804604100,51.439709,-0.381238
SSEN-2804604160,51.439624,-0.384809
SSEN-2804604160,51.439624,-0.384809
SSEN-2804605020,51.437726,-0.371798
SSEN-2804605020,51.437726,-0.371798
SSEN-2804605020,51.437726,-0.371798
SSEN-2804605020,51.437726,-0.371798
SSEN-2805001140,51.481929,-0.443689
SSEN-2805001160,51.482452,-0.444463
SSEN-2805004140,51.483783,-0.441134
SSEN-2805004140,51.483783,-0.441134
SSEN-2805004160,51.485546,-0.443177
SSEN-2805004160,51.485546,-0.443177
SSEN-2805004200,51.48285,-0.439221
SSEN-2805004200,51.48285,-0.439221
SSEN-2805004200,51.48285,-0.439221
SSEN-2805005040,51.479112,-0.41
SSEN-2805005040,51.479112,-0.41
SSEN-2805005040,51.479112,-0.41
SSEN-2805005060,51.478139,-0.407931
SSEN-2805005060,51.478139,-0.407931
SSEN-2805005060,51.478139,-0.407931
SSEN-2805005080,51.479215,-0.407029
SSEN-2805005080,51.479215,-0.407029
SSEN-2805005100,51.476936,-0.404099
SSEN-2805005100,51.476936,-0.404099
SSEN-2805005120,51.474017,-0.405684
SSEN-2805005120,51.474017,-0.405684
SSEN-2805005140,51.475395,-0.411122
SSEN-2805005140,51.475395,-0.411122
SSEN-2805005140,51.475395,-0.411122
SSEN-2805005160,51.4741,-0.411095
SSEN-2805006040,51.48213,-0.429755
SSEN-2805006040,51.48213,-0.429755
SSEN-2805006050,51.482589,-0.423143
SSEN-2805006050,51.482589,-0.423143
SSEN-2805006050,51.482589,-0.423143
SSEN-2805006050,51.482589,-0.423143
SSEN-2805006050,51.482589,-0.423143
SSEN-2805006050,51.482589,-0.423143
SSEN-2805006060,51.481536,-0.421034
SSEN-2805006060,51.481536,-0.421034
SSEN-2805006060,51.481536,-0.421034
SSEN-2805006070,51.48379,-0.418133
SSEN-2805006070,51.48379,-0.418133
SSEN-2805006070,51.48379,-0.418133
SSEN-2805006080,51.478494,-0.413535
SSEN-2805006080,51.478494,-0.413535
SSEN-2805006080,51.478494,-0.413535
SSEN-2805006080,51.478494,-0.413535
SSEN-2805006080,51.478494,-0.413535
SSEN-2805006090,51.480308,-0.41533
SSEN-2805006100,51.482136,-0.412184
SSEN-2805006100,51.482136,-0.412184
SSEN-2807001020,51.435474,-0.466934
SSEN-2807001020,51.435474,-0.466934
SSEN-2807001020,51.435474,-0.466934
SSEN-2807001040,51.436051,-0.469792
SSEN-2807001040,51.436051,-0.469792
SSEN-2807001040,51.436051,-0.469792
SSEN-2807001040,51.436051,-0.469792
SSEN-2807001080,51.437634,-0.470502
SSEN-2807001080,51.437634,-0.470502
SSEN-2807001080,51.437634,-0.470502
SSEN-2807001100,51.440038,-0.472062
SSEN-2807001100,51.440038,-0.472062
SSEN-2807001100,51.440038,-0.472062
SSEN-2807002020,51.432241,-0.461748
SSEN-2807002020,51.432241,-0.461748
SSEN-2807002040,51.434246,-0.461033
SSEN-2807002040,51.434246,-0.461033
SSEN-2807002040,51.434246,-0.461033
SSEN-2807002040,51.434246,-0.461033
SSEN-2807002060,51.431815,-0.460137
SSEN-2807002060,51.431815,-0.460137
SSEN-2807002060,51.431815,-0.460137
SSEN-2807002060,51.431815,-0.460137
SSEN-2807002080,51.429883,-0.460216
SSEN-2807002080,51.429883,-0.460216
SSEN-2807002080,51.429883,-0.460216
SSEN-2807002100,51.42823,-0.456891
SSEN-2807002100,51.42823,-0.456891
SSEN-2807002100,51.42823,-0.456891
SSEN-2807002120,51.428497,-0.453977
SSEN-2807002120,51.428497,-0.453977
SSEN-2807002120,51.428497,-0.453977
SSEN-2807002120,51.428497,-0.453977
SSEN-2807002120,51.428497,-0.453977
SSEN-2807002140,51.430356,-0.453123
SSEN-2807002140,51.430356,-0.453123
SSEN-2807002140,51.430356,-0.453123
SSEN-2807002150,51.424773,-0.453887
SSEN-2807002150,51.424773,-0.453887
SSEN-2807002150,51.424773,-0.453887
SSEN-2807002160,51.42337,-0.454552
SSEN-2807002170,51.423882,-0.449731
SSEN-2807002170,51.423882,-0.449731
SSEN-2807002170,51.423882,-0.449731
SSEN-2807002170,51.423882,-0.449731
SSEN-2807002180,51.425386,-0.448587
SSEN-2807002180,51.425386,-0.448587
SSEN-2807002180,51.425386,-0.448587
SSEN-2807003010,51.432663,-0.460295
SSEN-2807003020,51.432278,-0.457733
SSEN-2807003020,51.432278,-0.457733
SSEN-2807003020,51.432278,-0.457733
SSEN-2807003040,51.431052,-0.455444
SSEN-2807003040,51.431052,-0.455444
SSEN-2807003040,51.431052,-0.455444
SSEN-2807003060,51.43371,-0.455843
SSEN-2807003060,51.43371,-0.455843
SSEN-2807003060,51.43371,-0.455843
SSEN-2807003080,51.434049,-0.452235
SSEN-2807003080,51.434049,-0.452235
SSEN-2807003100,51.432332,-0.450222
SSEN-2807003100,51.432332,-0.450222
SSEN-2807003120,51.433281,-0.446535
SSEN-2807003120,51.433281,-0.446535
SSEN-2807003120,51.433281,-0.446535
SSEN-2807003260,51.432839,-0.443659
SSEN-2807003260,51.432839,-0.443659
SSEN-2807003280,51.432333,-0.442151
SSEN-2807003280,51.432333,-0.442151
SSEN-2807003280,51.432333,-0.442151
SSEN-2807003280,51.432333,-0.442151
SSEN-2807003300,51.433965,-0.441131
SSEN-2807003300,51.433965,-0.441131
SSEN-2807003390,51.434705,-0.439955
SSEN-2807003420,51.435262,-0.43657
SSEN-2807003420,51.435262,-0.43657
SSEN-2807003430,51.436863,-0.427163
SSEN-2807003430,51.436863,-0.427163
SSEN-2807003440,51.435346,-0.427978
SSEN-2807003440,51.435346,-0.427978
SSEN-2807003450,51.43546,-0.425758
SSEN-2807003450,51.43546,-0.425758
SSEN-2807003460,51.436985,-0.424857
SSEN-2807003460,51.436985,-0.424857
SSEN-2807003460,51.436985,-0.424857
SSEN-2807004020,51.43412,-0.464462
SSEN-2807004020,51.43412,-0.464462
SSEN-2807004020,51.43412,-0.464462
SSEN-2807004040,51.433618,-0.465284
SSEN-2807004060,51.431694,-0.465982
SSEN-2807004060,51.431694,-0.465982
SSEN-2807004060,51.431694,-0.465982
SSEN-2807004080,51.432476,-0.472127
SSEN-2807004080,51.432476,-0.472127
SSEN-2807004080,51.432476,-0.472127
SSEN-2807004080,51.432476,-0.472127
SSEN-2807004080,51.432476,-0.472127
SSEN-2807004080,51.432476,-0.472127
SSEN-2807004100,51.430061,-0.473862
SSEN-2807004100,51.430061,-0.473862
SSEN-2807004100,51.430061,-0.473862
SSEN-2807004120,51.429002,-0.469826
SSEN-2807004120,51.429002,-0.469826
SSEN-2807004120,51.429002,-0.469826
SSEN-2807004120,51.429002,-0.469826
SSEN-2807005020,51.429884,-0.466445
SSEN-2807005020,51.429884,-0.466445
SSEN-2807005020,51.429884,-0.466445
SSEN-2807005040,51.427236,-0.447719
SSEN-2807005040,51.427236,-0.447719
SSEN-2807005040,51.427236,-0.447719
SSEN-2807005060,51.427671,-0.45002
SSEN-2807005060,51.427671,-0.45002
SSEN-2807005060,51.427671,-0.45002
SSEN-2807005080,51.426973,-0.445512
SSEN-2807005080,51.426973,-0.445512
SSEN-2807005080,51.426973,-0.445512
SSEN-2807005100,51.429614,-0.443941
SSEN-2807005100,51.429614,-0.443941
SSEN-2807005120,51.428987,-0.441402
SSEN-2807005120,51.428987,-0.441402
SSEN-2807005140,51.42767,-0.438411
SSEN-2807005140,51.42767,-0.438411
SSEN-2807005180,51.423847,-0.445086
SSEN-2807005180,51.423847,-0.445086
SSEN-2807005180,51.423847,-0.445086
SSEN-2807005180,51.423847,-0.445086
SSEN-2807005190,51.430012,-0.448214
SSEN-2807005190,51.430012,-0.448214
SSEN-2807005200,51.431779,-0.446442
SSEN-2807005200,51.431779,-0.446442
SSEN-2807005200,51.431779,-0.446442
SSEN-2807005200,51.431779,-0.446442
SSEN-2807006030,51.442206,-0.474263
SSEN-2807006030,51.442206,-0.474263
SSEN-2807006030,51.442206,-0.474263
SSEN-2807006040,51.440435,-0.481848
SSEN-2807006040,51.440435,-0.481848
SSEN-2807006040,51.440435,-0.481848
SSEN-2807006040,51.440435,-0.481848
SSEN-2807006060,51.438703,-0.479387
SSEN-2807006060,51.438703,-0.479387
SSEN-2807006060,51.438703,-0.479387
SSEN-2807006060,51.438703,-0.479387
SSEN-2807006060,51.438703,-0.479387
SSEN-2807006080,51.440332,-0.478095
SSEN-2807006080,51.440332,-0.478095
SSEN-2807006080,51.440332,-0.478095
SSEN-2807006100,51.437176,-0.475352
SSEN-2807006100,51.437176,-0.475352
SSEN-2807006100,51.437176,-0.475352
SSEN-2807006100,51.437176,-0.475352
SSEN-2807006100,51.437176,-0.475352
SSEN-2807006120,51.435902,-0.478343
SSEN-2807006120,51.435902,-0.478343
SSEN-2807006120,51.435902,-0.478343
SSEN-2807006120,51.435902,-0.478343
SSEN-2807006140,51.430852,-0.47795
SSEN-2807006140,51.430852,-0.47795
SSEN-2807006140,51.430852,-0.47795
SSEN-2807006140,51.430852,-0.47795
SSEN-2807006140,51.430852,-0.47795
SSEN-2808001020,51.459032,-0.405151
SSEN-2808001040,51.458338,-0.402646
SSEN-2808001040,51.458338,-0.402646
SSEN-2808001040,51.458338,-0.402646
SSEN-2808001040,51.458338,-0.402646
SSEN-2808001050,51.452616,-0.397851
SSEN-2808001050,51.452616,-0.397851
SSEN-2808001050,51.452616,-0.397851
SSEN-2808001050,51.452616,-0.397851
SSEN-2808001050,51.452616,-0.397851
SSEN-2808001060,51.44862,-0.403489
SSEN-2808001060,51.44862,-0.403489
SSEN-2808001070,51.44669,-0.405081
SSEN-2808001070,51.44669,-0.405081
SSEN-2808001080,51.445691,-0.406311
SSEN-2808001080,51.445691,-0.406311
SSEN-2808001110,51.445858,-0.415299
SSEN-2808001110,51.445858,-0.415299
SSEN-2808001140,51.447313,-0.409219
SSEN-2808001155,51.450063,-0.408755
SSEN-2808001155,51.450063,-0.408755
SSEN-2808001160,51.451132,-0.405733
SSEN-2808001275,51.447869,-0.415733
SSEN-2808001275,51.447869,-0.415733
SSEN-2808001275,51.447869,-0.415733
SSEN-2808001275,51.447869,-0.415733
SSEN-2808001285,51.449863,-0.41493
SSEN-2808001285,51.449863,-0.41493
SSEN-2808001295,51.447594,-0.42006
SSEN-2808001295,51.447594,-0.42006
SSEN-2808001295,51.447594,-0.42006
SSEN-2808001305,51.446435,-0.421452
SSEN-2808001305,51.446435,-0.421452
SSEN-2808001305,51.446435,-0.421452
SSEN-2808002020,51.464098,-0.396442
SSEN-2808002080,51.468241,-0.400198
SSEN-2808002080,51.468241,-0.400198
SSEN-2808002080,51.468241,-0.400198
SSEN-2808002170,51.470133,-0.401759
SSEN-2808002170,51.470133,-0.401759
SSEN-2808002170,51.470133,-0.401759
SSEN-2808002170,51.470133,-0.401759
SSEN-2808002170,51.470133,-0.401759
SSEN-2808002260,51.463079,-0.386357
SSEN-2808002260,51.463079,-0.386357
SSEN-2808002270,51.460754,-0.383387
SSEN-2808002270,51.460754,-0.383387
SSEN-2808002270,51.460754,-0.383387
SSEN-2808002270,51.460754,-0.383387
SSEN-2808003160,51.462102,-0.413642
SSEN-2808006040,51.464372,-0.417235
SSEN-2808006040,51.464372,-0.417235
SSEN-2808007020,51.459271,-0.402498
SSEN-2808007030,51.452717,-0.394019
SSEN-2808007030,51.452717,-0.394019
SSEN-2808007090,51.44935,-0.385387
SSEN-2808007100,51.451251,-0.391365
SSEN-2808007100,51.451251,-0.391365
SSEN-2808007110,51.450128,-0.398672
SSEN-2808007110,51.450128,-0.398672
SSEN-2808007110,51.450128,-0.398672
SSEN-2808007120,51.450971,-0.403162
SSEN-2808007120,51.450971,-0.403162
SSEN-2808007120,51.450971,-0.403162
SSEN-2808007120,51.450971,-0.403162
SSEN-2808007120,51.450971,-0.403162
SSEN-2808007130,51.456653,-0.40898
SSEN-2808007130,51.456653,-0.40898
SSEN-2808007130,51.456653,-0.40898
SSEN-2808007130,51.456653,-0.40898
SSEN-2808007130,51.456653,-0.40898
SSEN-2808007140,51.455379,-0.407254
SSEN-2808007140,51.455379,-0.407254
SSEN-2808007140,51.455379,-0.407254
SSEN-2808007150,51.45351,-0.407981
SSEN-2808007150,51.45351,-0.407981
SSEN-2808007160,51.453278,-0.402218
SSEN-2808007160,51.453278,-0.402218
SSEN-2808007160,51.453278,-0.402218
SSEN-2808007170,51.455285,-0.404969
SSEN-2808007170,51.455285,-0.404969
SSEN-2808007170,51.455285,-0.404969
SSEN-2808007180,51.455913,-0.401579
SSEN-2808007180,51.455913,-0.401579
SSEN-2808008110,51.459337,-0.409333
SSEN-2809601040,51.44386,-0.415224
SSEN-2809601040,51.44386,-0.415224
SSEN-2809601040,51.44386,-0.415224
SSEN-2809601040,51.44386,-0.415224
SSEN-2809601050,51.445299,-0.418527
SSEN-2809601050,51.445299,-0.418527
SSEN-2809601050,51.445299,-0.418527
SSEN-2809601050,51.445299,-0.418527
SSEN-2809602010,51.44106,-0.414932
SSEN-2809602010,51.44106,-0.414932
SSEN-2809602010,51.44106,-0.414932
SSEN-2809602010,51.44106,-0.414932
SSEN-2809602020,51.442284,-0.418358
SSEN-2809602020,51.442284,-0.418358
SSEN-2809602020,51.442284,-0.418358
SSEN-2809602020,51.442284,-0.418358
SSEN-2809602020,51.442284,-0.418358
SSEN-2809602020,51.442284,-0.418358
SSEN-2809602020,51.442284,-0.418358
SSEN-2809602030,51.443487,-0.422878
SSEN-2809602030,51.443487,-0.422878
SSEN-2809602030,51.443487,-0.422878
SSEN-2809602030,51.443487,-0.422878
SSEN-2809604053,51.440639,-0.389335
SSEN-2809604053,51.440639,-0.389335
SSEN-2809604053,51.440639,-0.389335
SSEN-2809604053,51.440639,-0.389335
SSEN-2809604053,51.440639,-0.389335
SSEN-2809604073,51.439585,-0.387257
SSEN-2809604073,51.439585,-0.387257
SSEN-2809607022,51.446689,-0.408924
SSEN-2809607042,51.44791,-0.400923
SSEN-2809607042,51.44791,-0.400923
SSEN-2809607042,51.44791,-0.400923
SSEN-2809607042,51.44791,-0.400923
SSEN-2809607042,51.44791,-0.400923
SSEN-2809607052,51.445197,-0.397118
SSEN-2809607052,51.445197,-0.397118
SSEN-2809607072,51.443239,-0.392035
SSEN-2809607072,51.443239,-0.392035
SSEN-2809607072,51.443239,-0.392035
SSEN-2809607082,51.447786,-0.412922
SSEN-2809607102,51.445122,-0.41141
SSEN-2809607102,51.445122,-0.41141
SSEN-2809608015,51.444932,-0.411714
SSEN-2809608045,51.447252,-0.410668
SSEN-2809608045,51.447252,-0.410668
SSEN-2809609047,51.435542,-0.386176
SSEN-2809609047,51.435542,-0.386176
SSEN-2809609047,51.435542,-0.386176
SSEN-2809609047,51.435542,-0.386176
SSEN-2809609057,51.442428,-0.388653
SSEN-2809609057,51.442428,-0.388653
SSEN-2809609057,51.442428,-0.388653
SSEN-2809609057,51.442428,-0.388653
SSEN-2809610034,51.442934,-0.412174
SSEN-2809611015,51.444845,-0.406916
SSEN-2809611015,51.444845,-0.406916
SSEN-2809611055,51.43537,-0.389348
SSEN-2809611055,51.43537,-0.389348
SSEN-2809611055,51.43537,-0.389348
SSEN-2809611055,51.43537,-0.389348
SSEN-2809611095,51.437777,-0.383234
SSEN-2809611095,51.437777,-0.383234
SSEN-2809611095,51.437777,-0.383234
SSEN-2809612006,51.444761,-0.411378
SSEN-2809612016,51.445215,-0.411081
SSEN-2809612026,51.445266,-0.411748
SSEN-2809612036,51.444466,-0.411497
SSEN-2810015095,51.425176,-0.497989
SSEN-2811011160,51.438531,-0.497436
SSEN-2811011160,51.438531,-0.497436
SSEN-2811011180,51.437511,-0.4978
SSEN-2811011240,51.43793,-0.49265
SSEN-2811011240,51.43793,-0.49265
SSEN-2811011240,51.43793,-0.49265
SSEN-2811013040,51.433525,-0.498305
SSEN-2811013040,51.433525,-0.498305
SSEN-2811013080,51.433759,-0.494815
SSEN-2811013080,51.433759,-0.494815
SSEN-2811013080,51.433759,-0.494815
SSEN-2811013120,51.42943,-0.495231
SSEN-2811013120,51.42943,-0.495231
SSEN-2811013120,51.42943,-0.495231
SSEN-2811013140,51.428881,-0.493149
SSEN-2811013160,51.428343,-0.489729
SSEN-2811013160,51.428343,-0.489729
SSEN-2811013160,51.428343,-0.489729
SSEN-2811013160,51.428343,-0.489729
SSEN-2811013180,51.427312,-0.480974
SSEN-2811013200,51.428751,-0.485126
SSEN-2811013200,51.428751,-0.485126
SSEN-2811013200,51.428751,-0.485126
SSEN-2811013200,51.428751,-0.485126
SSEN-2811013200,51.428751,-0.485126
SSEN-2811013220,51.429356,-0.482546
SSEN-2811013220,51.429356,-0.482546
SSEN-2811013220,51.429356,-0.482546
SSEN-2811013240,51.427657,-0.472202
SSEN-2811013240,51.427657,-0.472202
SSEN-2811013260,51.42917,-0.472367
SSEN-2811013260,51.42917,-0.472367
SSEN-2811015020,51.43214,-0.495516
SSEN-2811015020,51.43214,-0.495516
SSEN-2811015040,51.434766,-0.474684
SSEN-2811015040,51.434766,-0.474684
SSEN-2811015040,51.434766,-0.474684
SSEN-2811015060,51.433975,-0.477429
SSEN-2811015060,51.433975,-0.477429
SSEN-2811015080,51.434226,-0.469796
SSEN-2811015080,51.434226,-0.469796
SSEN-2811015080,51.434226,-0.469796
SSEN-2811015080,51.434226,-0.469796
SSEN-2811016020,51.4318,-0.499829
SSEN-2811016040,51.430217,-0.499133
SSEN-2811016060,51.426774,-0.494311
SSEN-2811016060,51.426774,-0.494311
SSEN-2811016060,51.426774,-0.494311
SSEN-2811016060,51.426774,-0.494311
SSEN-2811016080,51.425206,-0.492623
SSEN-2811016080,51.425206,-0.492623
SSEN-2811016080,51.425206,-0.492623
SSEN-2811016080,51.425206,-0.492623
SSEN-2811016080,51.425206,-0.492623
SSEN-2811016080,51.425206,-0.492623
SSEN-2811016090,51.42273,-0.495178
SSEN-2811016090,51.42273,-0.495178
SSEN-2811016100,51.423262,-0.493233
SSEN-2811016100,51.423262,-0.493233
SSEN-2811016100,51.423262,-0.493233
SSEN-2811016100,51.423262,-0.493233
SSEN-2811016110,51.424243,-0.496106
SSEN-2811016110,51.424243,-0.496106
SSEN-2811016110,51.424243,-0.496106
SSEN-2812002080,51.445997,-0.458106
SSEN-2812002080,51.445997,-0.458106
SSEN-2812002080,51.445997,-0.458106
SSEN-2812002120,51.444202,-0.464584
SSEN-2812002120,51.444202,-0.464584
SSEN-2812002120,51.444202,-0.464584
SSEN-2812002140,51.443048,-0.470508
SSEN-2812002140,51.443048,-0.470508
SSEN-2812002160,51.444585,-0.469061
SSEN-2812002160,51.444585,-0.469061
SSEN-2812002180,51.450334,-0.467228
SSEN-2812002180,51.450334,-0.467228
SSEN-2812002180,51.450334,-0.467228
SSEN-2812002180,51.450334,-0.467228
SSEN-2812002180,51.450334,-0.467228
SSEN-2812002200,51.450047,-0.465223
SSEN-2812002200,51.450047,-0.465223
SSEN-2812002200,51.450047,-0.465223
SSEN-2812002220,51.454203,-0.463947
SSEN-2812002320,51.448221,-0.469314
SSEN-2812002320,51.448221,-0.469314
SSEN-2812002320,51.448221,-0.469314
SSEN-2812002340,51.443824,-0.470727
SSEN-2812002340,51.443824,-0.470727
SSEN-2812002360,51.449303,-0.471609
SSEN-2812002360,51.449303,-0.471609
SSEN-2812002360,51.449303,-0.471609
SSEN-2812002380,51.45195,-0.471146
SSEN-2812002380,51.45195,-0.471146
SSEN-2812002380,51.45195,-0.471146
SSEN-2812002380,51.45195,-0.471146
SSEN-2812002400,51.453962,-0.47652
SSEN-2812002400,51.453962,-0.47652
SSEN-2812002400,51.453962,-0.47652
SSEN-2812002400,51.453962,-0.47652
SSEN-2812002400,51.453962,-0.47652
SSEN-2812002500,51.45313,-0.47269
SSEN-2812002500,51.45313,-0.47269
SSEN-2812002500,51.45313,-0.47269
SSEN-2812002500,51.45313,-0.47269
SSEN-2812002520,51.455192,-0.474248
SSEN-2812002520,51.455192,-0.474248
SSEN-2812002520,51.455192,-0.474248
SSEN-2812002520,51.455192,-0.474248
SSEN-2812002570,51.457676,-0.469677
SSEN-2812003020,51.447465,-0.477571
SSEN-2812003020,51.447465,-0.477571
SSEN-2812003020,51.447465,-0.477571
SSEN-2812003040,51.45081,-0.476884
SSEN-2812003040,51.45081,-0.476884
SSEN-2812003040,51.45081,-0.476884
SSEN-2812003040,51.45081,-0.476884
SSEN-2812003040,51.45081,-0.476884
SSEN-2812003060,51.450879,-0.475255
SSEN-2812003080,51.448869,-0.474156
SSEN-2812003080,51.448869,-0.474156
SSEN-2812003080,51.448869,-0.474156
SSEN-2812003180,51.450151,-0.480086
SSEN-2812003180,51.450151,-0.480086
SSEN-2812003200,51.452345,-0.481453
SSEN-2812003200,51.452345,-0.481453
SSEN-2812003200,51.452345,-0.481453
SSEN-2812003220,51.454879,-0.481311
SSEN-2812003220,51.454879,-0.481311
SSEN-2812003220,51.454879,-0.481311
SSEN-2812003220,51.454879,-0.481311
SSEN-2812003220,51.454879,-0.481311
SSEN-2812003220,51.454879,-0.481311
SSEN-2812005010,51.44721,-0.470087
SSEN-2812010050,51.447745,-0.442981
SSEN-2812010060,51.447672,-0.443053
SSEN-2813001060,51.484035,-0.475288
SSEN-2813001080,51.487118,-0.475833
SSEN-2813001080,51.487118,-0.475833
SSEN-2813001120,51.487607,-0.478871
SSEN-2813001120,51.487607,-0.478871
SSEN-2813001130,51.488078,-0.481246
SSEN-2813001130,51.488078,-0.481246
SSEN-2813001200,51.488995,-0.475699
SSEN-2813001200,51.488995,-0.475699
SSEN-2813001240,51.48986,-0.473725
SSEN-2813001280,51.497833,-0.456329
SSEN-2813001280,51.497833,-0.456329
SSEN-2813001280,51.497833,-0.456329
SSEN-2813001400,51.489918,-0.456179
SSEN-2813001400,51.489918,-0.456179
SSEN-2813001400,51.489918,-0.456179
SSEN-2813001420,51.488042,-0.455061
SSEN-2813001420,51.488042,-0.455061
SSEN-2813001440,51.485444,-0.455135
SSEN-2813001440,51.485444,-0.455135
SSEN-2813001500,51.482799,-0.448239
SSEN-2813001500,51.482799,-0.448239
SSEN-2813006020,51.482251,-0.475736
SSEN-2813006020,51.482251,-0.475736
SSEN-2813006070,51.481299,-0.484841
SSEN-2813008020,51.481591,-0.459614
SSEN-2813008080,51.483304,-0.455164
SSEN-2813008080,51.483304,-0.455164
SSEN-2816001010,51.455681,-0.435685
SSEN-2816001010,51.455681,-0.435685
SSEN-2816001010,51.455681,-0.435685
SSEN-2816001020,51.457393,-0.433252
SSEN-2816001020,51.457393,-0.433252
SSEN-2816001020,51.457393,-0.433252
SSEN-2816001030,51.45875,-0.433868
SSEN-2816001030,51.45875,-0.433868
SSEN-2816001040,51.455386,-0.434472
SSEN-2816001040,51.455386,-0.434472
SSEN-2816001050,51.456629,-0.431925
SSEN-2816001050,51.456629,-0.431925
SSEN-2816001050,51.456629,-0.431925
SSEN-2816001050,51.456629,-0.431925
SSEN-2816001050,51.456629,-0.431925
SSEN-2816004010,51.452791,-0.443513
SSEN-2816004020,51.454791,-0.442452
SSEN-2816004020,51.454791,-0.442452
SSEN-2816004070,51.461117,-0.432649
SSEN-2816004070,51.461117,-0.432649
SSEN-2816004070,51.461117,-0.432649
SSEN-2816004080,51.458873,-0.431618
SSEN-2816004090,51.462391,-0.42774
SSEN-2816004090,51.462391,-0.42774
SSEN-2816005010,51.450572,-0.445028
SSEN-2816005010,51.450572,-0.445028
SSEN-2816005010,51.450572,-0.445028
SSEN-2816005020,51.448275,-0.448113
SSEN-2816005080,51.436713,-0.452361
SSEN-2816005080,51.436713,-0.452361
SSEN-2816005080,51.436713,-0.452361
SSEN-2816005090,51.43623,-0.456003
SSEN-2816005090,51.43623,-0.456003
SSEN-2816005090,51.43623,-0.456003
SSEN-2816005100,51.437107,-0.461815
SSEN-2816005100,51.437107,-0.461815
SSEN-2816005100,51.437107,-0.461815
SSEN-2816005100,51.437107,-0.461815
SSEN-2816006010,51.44812,-0.432418
SSEN-2816006010,51.44812,-0.432418
SSEN-2816006010,51.44812,-0.432418
SSEN-2816006020,51.449774,-0.433743
SSEN-2816006020,51.449774,-0.433743
SSEN-2816006020,51.449774,-0.433743
SSEN-2816006020,51.449774,-0.433743
SSEN-2816006020,51.449774,-0.433743
SSEN-2816006020,51.449774,-0.433743
SSEN-2816006020,51.449774,-0.433743
SSEN-2816006030,51.448523,-0.434289
SSEN-2816006030,51.448523,-0.434289
SSEN-2816006030,51.448523,-0.434289
SSEN-2816006040,51.450436,-0.430122
SSEN-2816006040,51.450436,-0.430122
SSEN-2816006040,51.450436,-0.430122
SSEN-2816006050,51.449139,-0.426612
SSEN-2816006050,51.449139,-0.426612
SSEN-2816006050,51.449139,-0.426612
SSEN-2816006050,51.449139,-0.426612
SSEN-2816006050,51.449139,-0.426612
SSEN-2816006060,51.447174,-0.428291
SSEN-2816006060,51.447174,-0.428291
SSEN-2816006060,51.447174,-0.428291
SSEN-2816006070,51.452084,-0.425633
SSEN-2816006070,51.452084,-0.425633
SSEN-2816006070,51.452084,-0.425633
SSEN-2816006070,51.452084,-0.425633
SSEN-2816006070,51.452084,-0.425633
SSEN-2816006080,51.450961,-0.421935
SSEN-2816006090,51.450181,-0.423871
SSEN-2816006090,51.450181,-0.423871
SSEN-2816006090,51.450181,-0.423871
SSEN-2816006090,51.450181,-0.423871
SSEN-2816006100,51.446833,-0.42364
SSEN-2816006100,51.446833,-0.42364
SSEN-2816006100,51.446833,-0.42364
SSEN-2816006100,51.446833,-0.42364
SSEN-2816006110,51.450671,-0.419464
SSEN-2816006110,51.450671,-0.419464
SSEN-2816006110,51.450671,-0.419464
SSEN-2816006120,51.452626,-0.420433
SSEN-2816006120,51.452626,-0.420433
SSEN-2816006130,51.448336,-0.418408
SSEN-2816006130,51.448336,-0.418408
SSEN-2816006130,51.448336,-0.418408
SSEN-2816008010,51.450879,-0.43772
SSEN-2816008010,51.450879,-0.43772
SSEN-2816008010,51.450879,-0.43772
SSEN-2816008020,51.452574,-0.431287
SSEN-2816008020,51.452574,-0.431287
SSEN-2816008020,51.452574,-0.431287
SSEN-2816008025,51.452397,-0.430867
SSEN-2816008030,51.453972,-0.433614
SSEN-2816008030,51.453972,-0.433614
SSEN-2816008030,51.453972,-0.433614
SSEN-2816009020,51.453604,-0.445126
SSEN-2816009110,51.456152,-0.463438
SSEN-2816009110,51.456152,-0.463438
SSEN-2816010010,51.452084,-0.436988
SSEN-2816010010,51.452084,-0.436988
SSEN-2816010020,51.453962,-0.429555
SSEN-2816010020,51.453962,-0.429555
SSEN-2816010020,51.453962,-0.429555
SSEN-2816010030,51.454574,-0.426857
SSEN-2816010030,51.454574,-0.426857
SSEN-2816010030,51.454574,-0.426857
SSEN-2816010030,51.454574,-0.426857
SSEN-2816010040,51.456215,-0.425174
SSEN-2816010040,51.456215,-0.425174
SSEN-2816010040,51.456215,-0.425174
SSEN-2816010040,51.456215,-0.425174
SSEN-2816010040,51.456215,-0.425174
SSEN-2816010050,51.45476,-0.421986
SSEN-2816010050,51.45476,-0.421986
SSEN-2816010050,51.45476,-0.421986
SSEN-2816010050,51.45476,-0.421986
SSEN-2816010060,51.454814,-0.416673
SSEN-2816010060,51.454814,-0.416673
SSEN-2816010060,51.454814,-0.416673
SSEN-2816010060,51.454814,-0.416673
SSEN-2816010060,51.454814,-0.416673
SSEN-2816010080,51.456667,-0.418005
SSEN-2816010100,51.456451,-0.413982
SSEN-2816010100,51.456451,-0.413982
SSEN-2816010100,51.456451,-0.413982
SSEN-2816010100,51.456451,-0.413982
SSEN-2816010100,51.456451,-0.413982
SSEN-2816010140,51.455204,-0.411607
SSEN-2816010140,51.455204,-0.411607
SSEN-2816010140,51.455204,-0.411607
SSEN-2816011010,51.451157,-0.441021
SSEN-2816011010,51.451157,-0.441021
SSEN-2816011020,51.44851,-0.440766
SSEN-2816011020,51.44851,-0.440766
SSEN-2816011020,51.44851,-0.440766
SSEN-2816011080,51.441948,-0.425492
SSEN-2816011080,51.441948,-0.425492
SSEN-2816011080,51.441948,-0.425492
SSEN-2816011090,51.444191,-0.425746
SSEN-2816011100,51.444216,-0.424277
SSEN-2816011100,51.444216,-0.424277
SSEN-2816011100,51.444216,-0.424277
SSEN-2816011110,51.443062,-0.424058
SSEN-2816011110,51.443062,-0.424058
SSEN-2816011110,51.443062,-0.424058
SSEN-2816011120,51.438363,-0.425185
SSEN-2816011120,51.438363,-0.425185
SSEN-2816011120,51.438363,-0.425185
SSEN-2816011130,51.440314,-0.425016
SSEN-2816011130,51.440314,-0.425016
SSEN-2816011130,51.440314,-0.425016
SSEN-2816011140,51.440916,-0.420966
SSEN-2816011140,51.440916,-0.420966
SSEN-2816011140,51.440916,-0.420966
SSEN-2818001020,51.472156,-0.386613
SSEN-2818001060,51.468373,-0.383593
SSEN-2818001060,51.468373,-0.383593
SSEN-2818001060,51.468373,-0.383593
SSEN-2818001100,51.469013,-0.380432
SSEN-2818001120,51.468806,-0.376537
SSEN-2818001120,51.468806,-0.376537
SSEN-2818001120,51.468806,-0.376537
SSEN-2818001120,51.468806,-0.376537
SSEN-2818001140,51.470776,-0.3733
SSEN-2818001160,51.46935,-0.373581
SSEN-2818001160,51.46935,-0.373581
SSEN-2818001160,51.46935,-0.373581
SSEN-2818001180,51.470213,-0.370959
SSEN-2818001180,51.470213,-0.370959
SSEN-2818001180,51.470213,-0.370959
SSEN-2818001180,51.470213,-0.370959
SSEN-2818001200,51.468396,-0.372866
SSEN-2818001200,51.468396,-0.372866
SSEN-2818001290,51.469597,-0.367439
SSEN-2818001300,51.470097,-0.36588
SSEN-2818001310,51.471576,-0.368117
SSEN-2818001310,51.471576,-0.368117
SSEN-2818001310,51.471576,-0.368117
SSEN-2818001310,51.471576,-0.368117
SSEN-2818001320,51.473655,-0.367399
SSEN-2818001320,51.473655,-0.367399
SSEN-2818001320,51.473655,-0.367399
SSEN-2818001320,51.473655,-0.367399
SSEN-2818002020,51.475899,-0.383543
SSEN-2818002020,51.475899,-0.383543
SSEN-2818002020,51.475899,-0.383543
SSEN-2818002020,51.475899,-0.383543
SSEN-2818002020,51.475899,-0.383543
SSEN-2818002020,51.475899,-0.383543
SSEN-2818002020,51.475899,-0.383543
SSEN-2818002020,51.475899,-0.383543
SSEN-2818002020,51.475899,-0.383543
SSEN-2818002020,51.475899,-0.383543
SSEN-2818002120,51.482136,-0.374163
SSEN-2818002120,51.482136,-0.374163
SSEN-2818002120,51.482136,-0.374163
SSEN-2818002120,51.482136,-0.374163
SSEN-2818002140,51.481446,-0.375628
SSEN-2818002140,51.481446,-0.375628
SSEN-2818002140,51.481446,-0.375628
SSEN-2818002140,51.481446,-0.375628
SSEN-2818002160,51.480747,-0.369935
SSEN-2818002160,51.480747,-0.369935
SSEN-2818002160,51.480747,-0.369935
SSEN-2818002160,51.480747,-0.369935
SSEN-2818002260,51.481146,-0.367617
SSEN-2818002260,51.481146,-0.367617
SSEN-2818002260,51.481146,-0.367617
SSEN-2818002260,51.481146,-0.367617
SSEN-2818002280,51.481642,-0.361248
SSEN-2818002280,51.481642,-0.361248
SSEN-2818002300,51.478436,-0.362904
SSEN-2818002300,51.478436,-0.362904
SSEN-2818002300,51.478436,-0.362904
SSEN-2818002300,51.478436,-0.362904
SSEN-2818002300,51.478436,-0.362904
SSEN-2818002340,51.479018,-0.356273
SSEN-2818002340,51.479018,-0.356273
SSEN-2818002340,51.479018,-0.356273
SSEN-2818002340,51.479018,-0.356273
SSEN-2818002360,51.481974,-0.35608
SSEN-2818002360,51.481974,-0.35608
SSEN-2818002360,51.481974,-0.35608
SSEN-2818002360,51.481974,-0.35608
SSEN-2818003020,51.480949,-0.382616
SSEN-2818003020,51.480949,-0.382616
SSEN-2818003020,51.480949,-0.382616
SSEN-2818003040,51.484089,-0.385961
SSEN-2818003040,51.484089,-0.385961
SSEN-2818003040,51.484089,-0.385961
SSEN-2818003040,51.484089,-0.385961
SSEN-2818003060,51.482253,-0.38522
SSEN-2818003060,51.482253,-0.38522
SSEN-2818003080,51.481846,-0.388287
SSEN-2818003080,51.481846,-0.388287
SSEN-2818003080,51.481846,-0.388287
SSEN-2818003080,51.481846,-0.388287
SSEN-2818003180,51.475565,-0.394585
SSEN-2818003200,51.474548,-0.395802
SSEN-2818003200,51.474548,-0.395802
SSEN-2818003220,51.474668,-0.400636
SSEN-2818003220,51.474668,-0.400636
SSEN-2818003240,51.473115,-0.401496
SSEN-2818003240,51.473115,-0.401496
SSEN-2818003240,51.473115,-0.401496
SSEN-2818003240,51.473115,-0.401496
SSEN-2818003240,51.473115,-0.401496
SSEN-2818003260,51.47527,-0.398642
SSEN-2818003260,51.47527,-0.398642
SSEN-2818004020,51.472754,-0.378499
SSEN-2818004020,51.472754,-0.378499
SSEN-2818004020,51.472754,-0.378499
SSEN-2818004020,51.472754,-0.378499
SSEN-2818004030,51.466483,-0.377599
SSEN-2818004030,51.466483,-0.377599
SSEN-2818004030,51.466483,-0.377599
SSEN-2818004050,51.467313,-0.375729
SSEN-2818004050,51.467313,-0.375729
SSEN-2818004060,51.465387,-0.373779
SSEN-2818004060,51.465387,-0.373779
SSEN-2818004060,51.465387,-0.373779
SSEN-2818004060,51.465387,-0.373779
SSEN-2818004080,51.462798,-0.380321
SSEN-2818004080,51.462798,-0.380321
SSEN-2818004080,51.462798,-0.380321
SSEN-2818004090,51.461092,-0.381173
SSEN-2818004090,51.461092,-0.381173
SSEN-2818004090,51.461092,-0.381173
SSEN-2818004090,51.461092,-0.381173
SSEN-2818004090,51.461092,-0.381173
SSEN-2818004100,51.460279,-0.378927
SSEN-2818004100,51.460279,-0.378927
SSEN-2818004120,51.459834,-0.38125
SSEN-2818004130,51.459385,-0.382315
SSEN-2818004140,51.47083,-0.382441
SSEN-2818004140,51.47083,-0.382441
SSEN-2818004140,51.47083,-0.382441
SSEN-2818005020,51.474117,-0.387969
SSEN-2818005020,51.474117,-0.387969
SSEN-2818005020,51.474117,-0.387969
SSEN-2818005040,51.472788,-0.38744
SSEN-2818005060,51.473298,-0.38928
SSEN-2818005060,51.473298,-0.38928
SSEN-2818005080,51.471932,-0.391934
SSEN-2818005080,51.471932,-0.391934
SSEN-2818005080,51.471932,-0.391934
SSEN-2818005100,51.472224,-0.395552
SSEN-2818005100,51.472224,-0.395552
SSEN-2818005100,51.472224,-0.395552
SSEN-2818005100,51.472224,-0.395552
SSEN-2818005100,51.472224,-0.395552
SSEN-2818006005,51.469741,-0.393494
SSEN-2818006005,51.469741,-0.393494
SSEN-2818006005,51.469741,-0.393494
SSEN-2818006015,51.467546,-0.394046
SSEN-2818006025,51.469072,-0.397174
SSEN-2818006045,51.470923,-0.397052
SSEN-2818006045,51.470923,-0.397052
SSEN-2818006045,51.470923,-0.397052
SSEN-2818006055,51.471633,-0.399
SSEN-2818006055,51.471633,-0.399
SSEN-2818006055,51.471633,-0.399
SSEN-2818006065,51.472718,-0.398731
SSEN-2818006065,51.472718,-0.398731
SSEN-2818006065,51.472718,-0.398731
SSEN-2818006065,51.472718,-0.398731
SSEN-2818006085,51.467069,-0.389484
SSEN-2818006085,51.467069,-0.389484
SSEN-2818006085,51.467069,-0.389484
SSEN-2818006085,51.467069,-0.389484
SSEN-2818006095,51.464704,-0.388128
SSEN-2818006095,51.464704,-0.388128
SSEN-2818006095,51.464704,-0.388128
SSEN-2818006095,51.464704,-0.388128
SSEN-2818006115,51.462268,-0.391467
SSEN-2818006115,51.462268,-0.391467
SSEN-2818006140,51.464634,-0.384359
SSEN-2818006140,51.464634,-0.384359
SSEN-2818006140,51.464634,-0.384359
SSEN-2818006140,51.464634,-0.384359
SSEN-2818006140,51.464634,-0.384359
SSEN-2818006140,51.464634,-0.384359
SSEN-2818006150,51.469563,-0.386416
SSEN-2818006150,51.469563,-0.386416
SSEN-2818006150,51.469563,-0.386416
SSEN-2818006150,51.469563,-0.386416
SSEN-2818006160,51.472699,-0.382951
SSEN-2818006160,51.472699,-0.382951
SSEN-2818006160,51.472699,-0.382951
SSEN-2818006170,51.463957,-0.382238
SSEN-2818006170,51.463957,-0.382238
SSEN-2818006180,51.466305,-0.382946
SSEN-2818006180,51.466305,-0.382946
SSEN-2818006180,51.466305,-0.382946
SSEN-2818006180,51.466305,-0.382946
SSEN-2818007005,51.477103,-0.388008
SSEN-2818007005,51.477103,-0.388008
SSEN-2818007005,51.477103,-0.388008
SSEN-2818007010,51.47782,-0.39046
SSEN-2818007010,51.47782,-0.39046
SSEN-2818007010,51.47782,-0.39046
SSEN-2818007020,51.47647,-0.377993
SSEN-2818007020,51.47647,-0.377993
SSEN-2818007020,51.47647,-0.377993
SSEN-2818007040,51.477215,-0.374007
SSEN-2818007040,51.477215,-0.374007
SSEN-2818007040,51.477215,-0.374007
SSEN-2818007050,51.47918,-0.37256
SSEN-2818007080,51.477737,-0.372102
SSEN-2818007100,51.477852,-0.367403
SSEN-2818007100,51.477852,-0.367403
SSEN-2818007100,51.477852,-0.367403
SSEN-2818007140,51.476885,-0.36257
SSEN-2818007140,51.476885,-0.36257
SSEN-2818007140,51.476885,-0.36257
SSEN-2818007240,51.475933,-0.364592
SSEN-2818007280,51.473964,-0.36207
SSEN-2818007280,51.473964,-0.36207
SSEN-2818007280,51.473964,-0.36207
SSEN-2818007280,51.473964,-0.36207
SSEN-2818007300,51.473375,-0.365561
SSEN-2818007300,51.473375,-0.365561
SSEN-2818007300,51.473375,-0.365561
SSEN-2818009030,51.467708,-0.369363
SSEN-2818009040,51.466906,-0.36919
SSEN-2818009040,51.466906,-0.36919
SSEN-2818009070,51.466834,-0.367278
SSEN-2818009070,51.466834,-0.367278
SSEN-2818009070,51.466834,-0.367278
SSEN-2818009080,51.466391,-0.363205
SSEN-2818009080,51.466391,-0.363205
SSEN-2818009090,51.466042,-0.362066
SSEN-2818009090,51.466042,-0.362066
SSEN-2818009100,51.464411,-0.364428
SSEN-2818009100,51.464411,-0.364428
SSEN-2818009110,51.46516,-0.367333
SSEN-2818009110,51.46516,-0.367333
SSEN-2818009120,51.462729,-0.361796
SSEN-2818009120,51.462729,-0.361796
SSEN-2818009120,51.462729,-0.361796
SSEN-2818009130,51.462677,-0.365137
SSEN-2818009130,51.462677,-0.365137
SSEN-2818009140,51.460589,-0.359267
SSEN-2818009140,51.460589,-0.359267
SSEN-2818009140,51.460589,-0.359267
SSEN-2818009150,51.461504,-0.361624
SSEN-2818009150,51.461504,-0.361624
SSEN-2818011030,51.484095,-0.396245
SSEN-2818011030,51.484095,-0.396245
SSEN-2818011040,51.484331,-0.399664
SSEN-2818011040,51.484331,-0.399664
SSEN-2818011040,51.484331,-0.399664
SSEN-2820004420,51.499202,-0.467477
SSEN-2820004420,51.499202,-0.467477
SSEN-2820004440,51.498709,-0.471023
SSEN-2820004440,51.498709,-0.471023
SSEN-2820004440,51.498709,-0.471023
SSEN-2820004440,51.498709,-0.471023
SSEN-2820004460,51.497171,-0.475829
SSEN-2820004460,51.497171,-0.475829
SSEN-2820004460,51.497171,-0.475829
SSEN-2820004480,51.495783,-0.472807
SSEN-2820004480,51.495783,-0.472807
SSEN-2820004480,51.495783,-0.472807
SSEN-2820004480,51.495783,-0.472807
SSEN-2820004500,51.495168,-0.476026
SSEN-2820004500,51.495168,-0.476026
SSEN-2820004520,51.499433,-0.478275
SSEN-2820004520,51.499433,-0.478275
SSEN-2820016050,51.497063,-0.458493
SSEN-2820016050,51.497063,-0.458493
SSEN-2820016050,51.497063,-0.458493
SSEN-2822002010,51.460352,-0.337913
SSEN-2822002010,51.460352,-0.337913
SSEN-2822002030,51.460901,-0.33415
SSEN-2822002030,51.460901,-0.33415
SSEN-2822002030,51.460901,-0.33415
SSEN-2822002060,51.462486,-0.332465
SSEN-2822002070,51.463149,-0.330973
SSEN-2822002070,51.463149,-0.330973
SSEN-2822002070,51.463149,-0.330973
SSEN-2822002070,51.463149,-0.330973
SSEN-2822004020,51.469182,-0.348045
SSEN-2822004020,51.469182,-0.348045
SSEN-2822004020,51.469182,-0.348045
SSEN-2822004020,51.469182,-0.348045
SSEN-2822004040,51.468018,-0.357373
SSEN-2822004040,51.468018,-0.357373
SSEN-2822004040,51.468018,-0.357373
SSEN-2822004060,51.46893,-0.359587
SSEN-2822004097,51.46893,-0.36536
SSEN-2822005020,51.466611,-0.355192
SSEN-2822005020,51.466611,-0.355192
SSEN-2822005040,51.46594,-0.358614
SSEN-2822005040,51.46594,-0.358614
SSEN-2822005040,51.46594,-0.358614
SSEN-2822005040,51.46594,-0.358614
SSEN-2822005060,51.45965,-0.366714
SSEN-2822005060,51.45965,-0.366714
SSEN-2822005060,51.45965,-0.366714
SSEN-2822005100,51.463419,-0.371301
SSEN-2822005100,51.463419,-0.371301
SSEN-2822005100,51.463419,-0.371301
SSEN-2822005100,51.463419,-0.371301
SSEN-2822005120,51.462617,-0.367947
SSEN-2822005120,51.462617,-0.367947
SSEN-2822005120,51.462617,-0.367947
SSEN-2822005120,51.462617,-0.367947
SSEN-2822005140,51.461334,-0.370713
SSEN-2822005140,51.461334,-0.370713
SSEN-2822005160,51.458791,-0.371524
SSEN-2822005160,51.458791,-0.371524
SSEN-2822005160,51.458791,-0.371524
SSEN-2822005160,51.458791,-0.371524
SSEN-2822005180,51.457612,-0.367535
SSEN-2822005180,51.457612,-0.367535
SSEN-2822005180,51.457612,-0.367535
SSEN-2822005200,51.45935,-0.363212
SSEN-2822005200,51.45935,-0.363212
SSEN-2822005200,51.45935,-0.363212
SSEN-2822005220,51.458151,-0.361744
SSEN-2822005220,51.458151,-0.361744
SSEN-2822005220,51.458151,-0.361744
SSEN-2822005380,51.460032,-0.374085
SSEN-2822005380,51.460032,-0.374085
SSEN-2822005380,51.460032,-0.374085
SSEN-2822005380,51.460032,-0.374085
SSEN-2822005400,51.462142,-0.373909
SSEN-2822005420,51.461936,-0.37717
SSEN-2822005420,51.461936,-0.37717
SSEN-2822005420,51.461936,-0.37717
SSEN-2822005440,51.463751,-0.376414
SSEN-2822005440,51.463751,-0.376414
SSEN-2822005440,51.463751,-0.376414
SSEN-2822005440,51.463751,-0.376414
SSEN-2822005460,51.467138,-0.372997
SSEN-2822005480,51.467135,-0.3734
SSEN-2822005480,51.467135,-0.3734
SSEN-2822005480,51.467135,-0.3734
SSEN-2822005485,51.466227,-0.370851
SSEN-2822005485,51.466227,-0.370851
SSEN-2822006020,51.466933,-0.336551
SSEN-2822006060,51.469493,-0.334485
SSEN-2822006060,51.469493,-0.334485
SSEN-2822006060,51.469493,-0.334485
SSEN-2822006060,51.469493,-0.334485
SSEN-2822006080,51.470194,-0.333783
SSEN-2822006080,51.470194,-0.333783
SSEN-2822006080,51.470194,-0.333783
SSEN-2822006100,51.470162,-0.332171
SSEN-2822006100,51.470162,-0.332171
SSEN-2822006100,51.470162,-0.332171
SSEN-2822006110,51.471697,-0.333267
SSEN-2822006110,51.471697,-0.333267
SSEN-2822006110,51.471697,-0.333267
SSEN-2822006120,51.472736,-0.332322
SSEN-2822006120,51.472736,-0.332322
SSEN-2822006120,51.472736,-0.332322
SSEN-2822006120,51.472736,-0.332322
SSEN-2822006200,51.46724,-0.328434
SSEN-2822006200,51.46724,-0.328434
SSEN-2822006200,51.46724,-0.328434
SSEN-2822006200,51.46724,-0.328434
SSEN-2822006280,51.46535,-0.327092
SSEN-2822006280,51.46535,-0.327092
SSEN-2822006280,51.46535,-0.327092
SSEN-2822006300,51.465038,-0.322842
SSEN-2822006300,51.465038,-0.322842
SSEN-2822006300,51.465038,-0.322842
SSEN-2822006300,51.465038,-0.322842
SSEN-2822006320,51.463111,-0.325187
SSEN-2822006320,51.463111,-0.325187
SSEN-2822006320,51.463111,-0.325187
SSEN-2822008020,51.471707,-0.342209
SSEN-2822008020,51.471707,-0.342209
SSEN-2822008040,51.470188,-0.342292
SSEN-2822008040,51.470188,-0.342292
SSEN-2822008040,51.470188,-0.342292
SSEN-2822008040,51.470188,-0.342292
SSEN-2822008040,51.470188,-0.342292
SSEN-2822008060,51.472067,-0.339042
SSEN-2822008080,51.472475,-0.337357
SSEN-2822008080,51.472475,-0.337357
SSEN-2822008100,51.472519,-0.335383
SSEN-2822008100,51.472519,-0.335383
SSEN-2822008100,51.472519,-0.335383
SSEN-2822008100,51.472519,-0.335383
SSEN-2822008200,51.473691,-0.340092
SSEN-2822008220,51.474845,-0.336465
SSEN-2822008220,51.474845,-0.336465
SSEN-2822008220,51.474845,-0.336465
SSEN-2822008230,51.475718,-0.336534
SSEN-2822008230,51.475718,-0.336534
SSEN-2822008230,51.475718,-0.336534
SSEN-2822008230,51.475718,-0.336534
SSEN-2822008232,51.47677,-0.339481
SSEN-2822008235,51.477879,-0.339278
SSEN-2822008235,51.477879,-0.339278
SSEN-2822008240,51.475695,-0.338723
SSEN-2822008240,51.475695,-0.338723
SSEN-2822008246,51.474927,-0.334505
SSEN-2822008248,51.474533,-0.333359
SSEN-2822008248,51.474533,-0.333359
SSEN-2822008248,51.474533,-0.333359
SSEN-2822008251,51.475858,-0.330553
SSEN-2822008251,51.475858,-0.330553
SSEN-2822008251,51.475858,-0.330553
SSEN-2822008370,51.469894,-0.361665
SSEN-2822009040,51.472129,-0.351092
SSEN-2822009060,51.471495,-0.353332
SSEN-2822009080,51.471346,-0.354893
SSEN-2822009080,51.471346,-0.354893
SSEN-2822009080,51.471346,-0.354893
SSEN-2822009100,51.473175,-0.353243
SSEN-2822009140,51.474112,-0.359746
SSEN-2822009140,51.474112,-0.359746
SSEN-2822009140,51.474112,-0.359746
SSEN-2822009160,51.475968,-0.361912
SSEN-2822009160,51.475968,-0.361912
SSEN-2822009160,51.475968,-0.361912
SSEN-2822009160,51.475968,-0.361912
SSEN-2822009180,51.473708,-0.356579
SSEN-2822009180,51.473708,-0.356579
SSEN-2822009180,51.473708,-0.356579
SSEN-2822009180,51.473708,-0.356579
SSEN-2822009200,51.475721,-0.357169
SSEN-2822009200,51.475721,-0.357169
SSEN-2822009200,51.475721,-0.357169
SSEN-2822009200,51.475721,-0.357169
SSEN-2822009220,51.476367,-0.353819
SSEN-2822009220,51.476367,-0.353819
SSEN-2822009220,51.476367,-0.353819
SSEN-2822009220,51.476367,-0.353819
SSEN-2822009240,51.475641,-0.350792
SSEN-2822009240,51.475641,-0.350792
SSEN-2822009260,51.475621,-0.347452
SSEN-2822009260,51.475621,-0.347452
SSEN-2822009260,51.475621,-0.347452
SSEN-2822009260,51.475621,-0.347452
SSEN-2822009260,51.475621,-0.347452
SSEN-2822009280,51.473591,-0.346374
SSEN-2822009380,51.478617,-0.344997
SSEN-2822009400,51.478177,-0.346957
SSEN-2822009400,51.478177,-0.346957
SSEN-2822010020,51.465761,-0.348442
SSEN-2822010020,51.465761,-0.348442
SSEN-2822010020,51.465761,-0.348442
SSEN-2822010020,51.465761,-0.348442
SSEN-2822010020,51.465761,-0.348442
SSEN-2822010140,51.464983,-0.35325
SSEN-2822010140,51.464983,-0.35325
SSEN-2822010140,51.464983,-0.35325
SSEN-2822010160,51.460872,-0.348647
SSEN-2822010160,51.460872,-0.348647
SSEN-2822010160,51.460872,-0.348647
SSEN-2822010160,51.460872,-0.348647
SSEN-2822010160,51.460872,-0.348647
SSEN-2822010170,51.458799,-0.352767
SSEN-2822010170,51.458799,-0.352767
SSEN-2822010170,51.458799,-0.352767
SSEN-2822010170,51.458799,-0.352767
SSEN-2822010180,51.458093,-0.346099
SSEN-2822010180,51.458093,-0.346099
SSEN-2822010180,51.458093,-0.346099
SSEN-2822010220,51.458615,-0.340365
SSEN-2822010220,51.458615,-0.340365
SSEN-2822010240,51.457898,-0.337973
SSEN-2822010260,51.457255,-0.336399
SSEN-2822010340,51.458785,-0.335854
SSEN-2822010360,51.458557,-0.334408
SSEN-2822010360,51.458557,-0.334408
SSEN-2822010360,51.458557,-0.334408
SSEN-2822010460,51.46332,-0.350704
SSEN-2822010460,51.46332,-0.350704
SSEN-2822010460,51.46332,-0.350704
SSEN-2822010460,51.46332,-0.350704
SSEN-2822010480,51.461109,-0.352713
SSEN-2822010480,51.461109,-0.352713
SSEN-2822010480,51.461109,-0.352713
SSEN-2822010500,51.46308,-0.356658
SSEN-2822010500,51.46308,-0.356658
SSEN-2822010500,51.46308,-0.356658
SSEN-2822010500,51.46308,-0.356658
SSEN-2822010520,51.461719,-0.360335
SSEN-2822010520,51.461719,-0.360335
SSEN-2822010520,51.461719,-0.360335
SSEN-2822011020,51.466449,-0.343637
SSEN-2822011020,51.466449,-0.343637
SSEN-2822011020,51.466449,-0.343637
SSEN-2822011040,51.467707,-0.34231
SSEN-2822011040,51.467707,-0.34231
SSEN-2822011040,51.467707,-0.34231
SSEN-2822011060,51.467506,-0.339568
SSEN-2822011060,51.467506,-0.339568
SSEN-2822011060,51.467506,-0.339568
SSEN-2822011060,51.467506,-0.339568
SSEN-2822011100,51.467288,-0.331815
SSEN-2822011100,51.467288,-0.331815
SSEN-2822011230,51.470048,-0.328727
SSEN-2822011260,51.472564,-0.327865
SSEN-2822011260,51.472564,-0.327865
SSEN-2822011260,51.472564,-0.327865
SSEN-2822011280,51.471448,-0.327776
SSEN-2822011280,51.471448,-0.327776
SSEN-2822011280,51.471448,-0.327776
SSEN-2822011290,51.471701,-0.325915
SSEN-2822011290,51.471701,-0.325915
SSEN-2822011320,51.47043,-0.322587
SSEN-2822011320,51.47043,-0.322587
SSEN-2822011320,51.47043,-0.322587
SSEN-2822011340,51.469693,-0.322628
SSEN-2822011360,51.468955,-0.323821
SSEN-2822011373,51.468126,-0.322626
SSEN-2822011380,51.468986,-0.326628
SSEN-2822011380,51.468986,-0.326628
SSEN-2822011385,51.467708,-0.325926
SSEN-2822011385,51.467708,-0.325926
SSEN-2822011385,51.467708,-0.325926
SSEN-2822016020,51.469298,-0.354419
SSEN-2822016020,51.469298,-0.354419
SSEN-2822016200,51.468447,-0.361706
SSEN-2822016240,51.469199,-0.364026
SSEN-2822016240,51.469199,-0.364026
SSEN-2822022010,51.471586,-0.353133
SSEN-2822024030,51.470425,-0.360579
SSEN-2822024035,51.474132,-0.367284
SSEN-2822024035,51.474132,-0.367284
SSEN-2822024035,51.474132,-0.367284
SSEN-2822024060,51.470855,-0.36166
SSEN-2822024060,51.470855,-0.36166
SSEN-2822024060,51.470855,-0.36166
SSEN-2822024060,51.470855,-0.36166
SSEN-2822024060,51.470855,-0.36166
SSEN-2822026010,51.470087,-0.359913
SSEN-2822026060,51.471841,-0.348496
SSEN-2822026060,51.471841,-0.348496
SSEN-2822026080,51.47323,-0.347933
SSEN-2822026090,51.472677,-0.346295
SSEN-2822026100,51.47717,-0.345059
SSEN-2822026100,51.47717,-0.345059
SSEN-2822026100,51.47717,-0.345059
SSEN-2822026115,51.474116,-0.343407
SSEN-2822026120,51.474281,-0.34236
SSEN-2822026120,51.474281,-0.34236
SSEN-2822026120,51.474281,-0.34236
SSEN-2822026120,51.474281,-0.34236
SSEN-2822026130,51.474132,-0.340076
SSEN-2822026140,51.480644,-0.342115
SSEN-2822026140,51.480644,-0.342115
SSEN-2822026150,51.479362,-0.340448
SSEN-2822026150,51.479362,-0.340448
SSEN-2822026150,51.479362,-0.340448
SSEN-2822026160,51.479319,-0.346494
SSEN-2822026160,51.479319,-0.346494
SSEN-2822026160,51.479319,-0.346494
SSEN-2822026160,51.479319,-0.346494
SSEN-2822026170,51.478375,-0.352753
SSEN-2822026180,51.480106,-0.352446
SSEN-2822026180,51.480106,-0.352446
SSEN-2822026190,51.481089,-0.352598
SSEN-2822028010,51.461889,-0.32087
SSEN-2822028010,51.461889,-0.32087
SSEN-2822028010,51.461889,-0.32087
SSEN-2822028010,51.461889,-0.32087
SSEN-2822028020,51.46317,-0.322205
SSEN-2822028020,51.46317,-0.322205
SSEN-2822028030,51.460296,-0.327061
SSEN-2822028030,51.460296,-0.327061
SSEN-2822028030,51.460296,-0.327061
SSEN-2822028030,51.460296,-0.327061
SSEN-2822028040,51.458936,-0.326261
SSEN-2822028040,51.458936,-0.326261
SSEN-2822028050,51.463515,-0.327001
SSEN-2822028050,51.463515,-0.327001
SSEN-2822028050,51.463515,-0.327001
SSEN-2822028060,51.458695,-0.328918
SSEN-2822028070,51.457895,-0.332762
SSEN-2822028070,51.457895,-0.332762
SSEN-2822028070,51.457895,-0.332762
SSEN-2822028070,51.457895,-0.332762
SSEN-2822028070,51.457895,-0.332762
SSEN-2822028070,51.457895,-0.332762
SSEN-2822028070,51.457895,-0.332762
